"","seurat_clusters"
"AAACCTGAGAGACTAT","8"
"AAACCTGGTCTAACGT","1"
"AAACCTGTCCGCGCAA","3"
"AAACCTGTCCTTTCTC","7"
"AAACCTGTCTGCCCTA","4"
"AAACGGGAGACTGGGT","0"
"AAAGATGAGCAATATG","0"
"AAAGATGCAAGGGTCA","1"
"AAAGATGCACGCTTTC","2"
"AAAGCAAAGATCGATA","9"
"AAAGCAACACTGTGTA","3"
"AAAGCAAGTATAATGG","3"
"AAAGCAATCTGTCAAG","7"
"AAAGTAGAGGCGCTCT","2"
"AAAGTAGCAACGATCT","4"
"AAAGTAGCAAGTACCT","0"
"AAAGTAGTCATTCACT","0"
"AAAGTAGTCCAAACTG","6"
"AACACGTCAAATACAG","9"
"AACACGTTCTCTGAGA","2"
"AACCATGAGCGTCAAG","0"
"AACCATGCACCTTGTC","9"
"AACCATGTCTACCAGA","0"
"AACCGCGAGCAAATCA","0"
"AACCGCGGTGAGTGAC","3"
"AACCGCGGTTAAAGAC","0"
"AACCGCGTCGGTGTCG","3"
"AACCGCGTCTCGGACG","2"
"AACGTTGCAGCGTCCA","7"
"AACTCAGAGTTACCCA","3"
"AACTCAGGTATCAGTC","1"
"AACTCAGGTCAACTGT","2"
"AACTCAGTCTCCAGGG","2"
"AACTCCCGTTCCGGCA","2"
"AACTCCCTCAGCAACT","1"
"AACTCCCTCGCCAAAT","12"
"AACTCTTGTGACTCAT","7"
"AACTCTTTCTGATACG","3"
"AACTGGTAGTCGATAA","0"
"AACTGGTGTGCCTGGT","0"
"AACTTTCAGGCATGGT","0"
"AACTTTCCACCACCAG","10"
"AACTTTCGTACTTCTT","9"
"AACTTTCGTGGCTCCA","0"
"AACTTTCGTTACCAGT","8"
"AACTTTCTCAACGCTA","4"
"AAGACCTAGAGGTTAT","5"
"AAGACCTGTCACTTCC","0"
"AAGACCTGTTTGTTTC","9"
"AAGCCGCAGCGGATCA","3"
"AAGGAGCAGAAGGTTT","1"
"AAGGCAGAGTAGTGCG","6"
"AAGGCAGCATGGGAAC","5"
"AAGGCAGGTCTCTTAT","3"
"AAGGTTCTCTCGTATT","3"
"AAGGTTCTCTGACCTC","0"
"AAGTCTGAGACAGACC","8"
"AAGTCTGAGTCACGCC","2"
"AAGTCTGCAAGCCTAT","5"
"AAGTCTGCACCAGGCT","11"
"AAGTCTGTCCTGCAGG","0"
"AAGTCTGTCTCCAGGG","8"
"AATCCAGCAACGATGG","5"
"AATCCAGCATCCGGGT","1"
"AATCCAGGTCTAAACC","3"
"AATCCAGTCACGCATA","1"
"AATCGGTCAGATCGGA","11"
"AATCGGTGTCATGCAT","1"
"AATCGGTGTGTAATGA","2"
"AATCGGTTCCAGAAGG","10"
"AATCGGTTCGTCTGAA","0"
"ACACCCTGTAGCAAAT","1"
"ACACCCTTCACAATGC","10"
"ACACCCTTCATGTGGT","10"
"ACACCCTTCCTGTACC","0"
"ACACCGGGTACGACCC","3"
"ACACCGGGTGTGACCC","6"
"ACACCGGTCAGGCCCA","1"
"ACACCGGTCGTTTAGG","2"
"ACACCGGTCTTGGGTA","0"
"ACACTGACAACACCCG","6"
"ACACTGATCAGGTTCA","3"
"ACACTGATCATGTAGC","8"
"ACACTGATCGCAAACT","6"
"ACACTGATCTTTCCTC","2"
"ACAGCCGGTCCGAGTC","3"
"ACAGCTACAGGACGTA","2"
"ACAGCTATCAAACGGG","4"
"ACATACGTCAGCCTAA","4"
"ACATCAGCACCCATGG","0"
"ACATCAGCACGGATAG","9"
"ACATCAGCAGTCCTTC","3"
"ACATCAGTCCCTAACC","3"
"ACATCAGTCGTCACGG","7"
"ACATGGTGTGGTCTCG","8"
"ACCAGTAAGCCCTAAT","0"
"ACCAGTAAGGATGCGT","2"
"ACCAGTACAACTGCTA","2"
"ACCAGTATCAAGGCTT","0"
"ACCAGTATCAGGTTCA","1"
"ACCAGTATCGTTACAG","5"
"ACCCACTCAATGACCT","0"
"ACCCACTTCCAAATGC","3"
"ACCGTAAAGGATGTAT","9"
"ACCGTAAGTCAGTGGA","1"
"ACCGTAAGTCCGTCAG","6"
"ACCGTAATCGAATGGG","0"
"ACCTTTAAGAACAACT","12"
"ACCTTTATCGTGGTCG","3"
"ACGAGCCAGGCGCTCT","1"
"ACGAGCCGTCGCTTTC","4"
"ACGAGCCTCCACGTTC","0"
"ACGAGGAAGACGCTTT","0"
"ACGAGGAGTCTCATCC","2"
"ACGATACAGCACACAG","6"
"ACGATACAGCCTTGAT","7"
"ACGATACAGTTAGCGG","0"
"ACGATGTCAAGCTGAG","12"
"ACGATGTCAGCAGTTT","8"
"ACGATGTTCCAATGGT","11"
"ACGATGTTCTTTACGT","3"
"ACGCAGCAGACAGAGA","2"
"ACGCAGCCAGCTGTGC","4"
"ACGCAGCTCATGGTCA","2"
"ACGCCAGAGCGTCTAT","8"
"ACGCCAGGTTGGACCC","1"
"ACGCCAGTCGTGACAT","0"
"ACGCCGAAGCGATATA","5"
"ACGCCGAGTCACAAGG","9"
"ACGCCGATCTGCGACG","9"
"ACGGAGACATGACGGA","5"
"ACGGAGATCAGGTAAA","0"
"ACGGAGATCATGCTCC","12"
"ACGGAGATCCCTGACT","3"
"ACGGCCACAGACGCAA","2"
"ACGGCCACATCCTTGC","1"
"ACGGCCAGTTTAAGCC","2"
"ACGGGCTAGAATTGTG","7"
"ACGGGCTCAACGCACC","6"
"ACGGGCTTCACTCCTG","10"
"ACGGGCTTCACTGGGC","1"
"ACGGGTCAGGTGATAT","4"
"ACGGGTCAGTCTCAAC","3"
"ACGGGTCCAAGTTGTC","9"
"ACGGGTCTCAGTTAGC","0"
"ACGGGTCTCTTTACGT","5"
"ACGTCAACAAGGGTCA","2"
"ACGTCAAGTCACCCAG","0"
"ACGTCAAGTTTAAGCC","2"
"ACGTCAATCGTACCGG","8"
"ACTATCTAGGACACCA","0"
"ACTATCTAGGGTATCG","7"
"ACTATCTCACAAGCCC","0"
"ACTATCTCAGATGGGT","1"
"ACTATCTGTACCAGTT","10"
"ACTATCTGTCATTAGC","1"
"ACTATCTGTGCAACGA","8"
"ACTATCTTCTTTAGTC","5"
"ACTGAACAGAACTCGG","3"
"ACTGAACAGCGTAGTG","4"
"ACTGAACAGGTGCACA","0"
"ACTGAACCACATGACT","10"
"ACTGAACCACGTTGGC","5"
"ACTGAACCATGAGCGA","5"
"ACTGAACCATGGGACA","10"
"ACTGAACGTACAGTGG","8"
"ACTGAACTCTACTCAT","3"
"ACTGAGTAGATAGGAG","6"
"ACTGAGTCACCAGTTA","3"
"ACTGATGAGAGTCGGT","1"
"ACTGATGGTCCGAACC","12"
"ACTGATGTCTAACTTC","0"
"ACTGCTCAGCACCGTC","5"
"ACTGCTCGTTCGCTAA","5"
"ACTGCTCTCACCTCGT","1"
"ACTGCTCTCTGCAAGT","0"
"ACTGTCCAGTGCAAGC","12"
"ACTGTCCCAGCATACT","1"
"ACTTACTAGCGATTCT","1"
"ACTTACTCAAGAAAGG","0"
"ACTTACTGTACTTGAC","2"
"ACTTACTTCATCGCTC","5"
"ACTTACTTCTTGCATT","1"
"ACTTTCAAGCGTAATA","6"
"ACTTTCACAATCAGAA","0"
"ACTTTCATCACTGGGC","3"
"AGAATAGAGCTAAACA","4"
"AGAATAGAGCTAACAA","5"
"AGAATAGCAATCGGTT","5"
"AGAATAGCACACCGCA","3"
"AGAATAGCATGTAAGA","1"
"AGAATAGGTGTAATGA","5"
"AGAATAGGTTGTCGCG","3"
"AGACGTTAGTCCATAC","4"
"AGACGTTAGTGGAGTC","0"
"AGACGTTCAACTGCTA","9"
"AGACGTTCAAGGACTG","3"
"AGACGTTCATTTGCCC","3"
"AGACGTTGTCATATCG","3"
"AGACGTTTCTTGCAAG","7"
"AGAGCGAGTATCGCAT","6"
"AGAGCGATCACCCGAG","7"
"AGAGCGATCCTCATTA","10"
"AGAGCGATCGGTCTAA","11"
"AGAGCGATCTAGCACA","1"
"AGAGCGATCTTACCGC","1"
"AGAGCTTGTGGTCCGT","7"
"AGAGTGGAGTCAAGGC","4"
"AGAGTGGGTACTTCTT","3"
"AGAGTGGGTACTTGAC","5"
"AGAGTGGTCGATCCCT","0"
"AGAGTGGTCTTGAGAC","4"
"AGATCTGAGAGGGATA","1"
"AGATCTGAGCTATGCT","1"
"AGATCTGTCAACACTG","9"
"AGATCTGTCGGTCTAA","1"
"AGATTGCAGGTTACCT","1"
"AGATTGCTCCTTGACC","6"
"AGCATACCACTCTGTC","1"
"AGCATACGTCGACTGC","2"
"AGCCTAAAGCTCCTCT","0"
"AGCCTAAAGTGGAGAA","1"
"AGCCTAATCAGAGGTG","4"
"AGCGGTCAGACAGAGA","9"
"AGCGGTCAGAGCTGCA","1"
"AGCGGTCAGATGTAAC","0"
"AGCGGTCGTCCAGTGC","9"
"AGCGGTCTCTCACATT","1"
"AGCGTATTCAAAGACA","1"
"AGCGTCGGTCATACTG","0"
"AGCTCCTAGAAGGACA","9"
"AGCTCCTAGCGCCTTG","10"
"AGCTCCTCAAGCCGTC","1"
"AGCTCCTGTGCTCTTC","5"
"AGCTCCTTCTTGAGGT","10"
"AGCTCTCCAAGCCATT","8"
"AGCTCTCCAGTAACGG","0"
"AGCTCTCTCCGAGCCA","5"
"AGCTTGACAGTAAGCG","0"
"AGCTTGATCTCCTATA","3"
"AGGCCACCACCAGTTA","8"
"AGGCCACGTATGGTTC","0"
"AGGCCACTCTTAACCT","1"
"AGGCCGTTCTTTACGT","2"
"AGGGAGTAGCATGGCA","3"
"AGGGAGTCAGCCTATA","3"
"AGGGAGTTCATCACCC","9"
"AGGGATGCAAGTTAAG","11"
"AGGGATGTCGGTCCGA","0"
"AGGGATGTCTAGAGTC","10"
"AGGGTGACACAACGCC","5"
"AGGGTGAGTCCCGACA","2"
"AGGGTGAGTTCTGAAC","8"
"AGGGTGATCATCGGAT","1"
"AGGGTGATCGCTGATA","7"
"AGGGTGATCTGCGGCA","4"
"AGGTCATCAATAAGCA","5"
"AGGTCATGTATGCTTG","8"
"AGGTCATTCCCTTGTG","11"
"AGGTCATTCCGAGCCA","10"
"AGGTCCGAGCTGCAAG","8"
"AGGTCCGCAACACCCG","4"
"AGGTCCGGTTCCCGAG","3"
"AGGTCCGTCACAATGC","5"
"AGGTCCGTCGGCGCTA","0"
"AGGTCCGTCTGTCCGT","10"
"AGTAGTCCACACATGT","7"
"AGTAGTCGTAGCGCTC","1"
"AGTCTTTAGACACGAC","5"
"AGTCTTTGTCGGCATC","4"
"AGTCTTTGTGCCTTGG","9"
"AGTCTTTGTGTCCTCT","7"
"AGTCTTTTCCCTTGTG","9"
"AGTCTTTTCGCAGGCT","4"
"AGTGAGGAGCACGCCT","9"
"AGTGAGGCAACACGCC","5"
"AGTGAGGCACCCATGG","6"
"AGTGAGGTCCTGCTTG","4"
"AGTGAGGTCTAACTTC","7"
"AGTGGGAAGATATACG","2"
"AGTGGGAAGTTACGGG","1"
"AGTGGGACAATAAGCA","8"
"AGTGGGACACGCATCG","7"
"AGTGGGAGTCTGATTG","0"
"AGTTGGTTCGTTGACA","6"
"ATAACGCAGCATGGCA","9"
"ATAACGCCAAGGCTCC","2"
"ATAACGCCATAGTAAG","2"
"ATAACGCTCATGGTCA","1"
"ATAACGCTCGATAGAA","3"
"ATAAGAGCAGACTCGC","0"
"ATAAGAGTCTTGTATC","7"
"ATAGACCGTAACGACG","8"
"ATAGACCGTACCATCA","3"
"ATAGACCGTGCCTTGG","9"
"ATAGACCGTTCCTCCA","5"
"ATAGACCTCGTAGGAG","5"
"ATAGACCTCTCAACTT","4"
"ATCACGAAGGCCATAG","9"
"ATCACGACACCAACCG","5"
"ATCACGACAGGGTTAG","2"
"ATCATCTCAGTATAAG","0"
"ATCATCTCATCGTCGG","0"
"ATCATCTGTAGCGTAG","0"
"ATCATCTGTCGCGGTT","0"
"ATCATCTGTGTTCTTT","6"
"ATCATCTTCCCAACGG","6"
"ATCATCTTCCTAGGGC","2"
"ATCATGGAGACCGGAT","2"
"ATCATGGAGGGCTTGA","9"
"ATCATGGGTTACGACT","4"
"ATCCACCCAGACAAAT","1"
"ATCCACCGTAATCGTC","6"
"ATCCACCGTGAAGGCT","0"
"ATCCACCGTTATTCTC","8"
"ATCCACCTCGGCATCG","10"
"ATCCGAAAGCTAAGAT","1"
"ATCGAGTCAATTGCTG","1"
"ATCTACTAGAACAATC","7"
"ATCTACTCAGCTGTTA","4"
"ATCTACTGTCAAAGCG","6"
"ATCTGCCAGACATAAC","0"
"ATCTGCCAGCTATGCT","0"
"ATCTGCCCATACCATG","2"
"ATCTGCCGTAGCTGCC","1"
"ATCTGCCGTGCCTGTG","8"
"ATCTGCCTCCGAAGAG","3"
"ATGAGGGGTCTCGTTC","0"
"ATGCGATAGAGTAAGG","11"
"ATGCGATGTCAACATC","5"
"ATGCGATGTGCCTGCA","4"
"ATGCGATGTTAAAGAC","9"
"ATGCGATTCACCTTAT","0"
"ATGCGATTCTGGGCCA","5"
"ATGGGAGAGTGCGATG","0"
"ATGGGAGAGTTTGCGT","8"
"ATGGGAGGTCTTCAAG","11"
"ATGGGAGGTGCACCAC","8"
"ATGTGTGGTCCTGCTT","2"
"ATGTGTGTCCAGAAGG","4"
"ATTACTCAGTCTCAAC","5"
"ATTACTCTCATTGCGA","3"
"ATTATCCGTCCAGTTA","5"
"ATTATCCGTTCCAACA","2"
"ATTATCCTCTGACCTC","11"
"ATTCTACAGCGACGTA","9"
"ATTCTACAGCGCTTAT","0"
"ATTCTACAGTGGGATC","0"
"ATTCTACCACTTGGAT","6"
"ATTCTACCATGGAATA","1"
"ATTCTACTCAAGGCTT","5"
"ATTCTACTCAGCACAT","4"
"ATTCTACTCGACAGCC","9"
"ATTGGACAGCAATCTC","0"
"ATTGGACAGTCTCAAC","7"
"ATTGGACGTGTGAAAT","2"
"ATTGGTGAGTACATGA","7"
"ATTGGTGGTAAAGGAG","1"
"ATTGGTGGTTGTCTTT","7"
"ATTTCTGAGACGCTTT","5"
"ATTTCTGAGCTTCGCG","2"
"ATTTCTGCAAGTACCT","1"
"ATTTCTGCAATCTGCA","12"
"ATTTCTGCAGGTTTCA","3"
"ATTTCTGGTTCGGGCT","8"
"ATTTCTGTCAACACGT","12"
"ATTTCTGTCGAGGTAG","0"
"CAACCAAAGACTGTAA","0"
"CAACCAAAGTCTCAAC","1"
"CAACCAAGTACAGTGG","3"
"CAACCAAGTGTGCGTC","0"
"CAACCAAGTTATGTGC","0"
"CAACCAATCTCTAAGG","2"
"CAACCTCAGAGTACCG","3"
"CAACCTCCATACTCTT","3"
"CAACCTCCATTGGCGC","3"
"CAACCTCTCCGTAGTA","3"
"CAACCTCTCGAGCCCA","0"
"CAACTAGAGCTAACAA","5"
"CAACTAGCAATACGCT","6"
"CAACTAGCAGATTGCT","1"
"CAACTAGCAGGCGATA","10"
"CAAGAAAGTCTGCGGT","1"
"CAAGAAAGTGAGGCTA","10"
"CAAGAAATCCTCAACC","4"
"CAAGAAATCTGTCAAG","6"
"CAAGATCCACACTGCG","9"
"CAAGATCCAGCCAATT","4"
"CAAGATCGTAAACCTC","6"
"CAAGGCCAGGACTGGT","6"
"CAAGGCCGTCCGACGT","2"
"CAAGGCCTCCCTCTTT","1"
"CAAGTTGAGAAGCCCA","3"
"CAAGTTGAGGAGTTTA","0"
"CAAGTTGCACTAGTAC","11"
"CAAGTTGCAGGTCTCG","8"
"CAAGTTGCATTTCAGG","6"
"CAAGTTGGTGCAACTT","6"
"CAAGTTGGTTTAGGAA","1"
"CAAGTTGTCTCGATGA","0"
"CACAAACAGCTGTTCA","0"
"CACAAACAGGACAGAA","4"
"CACAAACAGGACCACA","7"
"CACACAAAGATCGATA","11"
"CACACAATCACTCCTG","3"
"CACACCTAGACAGGCT","1"
"CACACCTCATAAGACA","3"
"CACACCTGTACGCACC","12"
"CACACCTTCCGTAGGC","7"
"CACACTCAGGGAGTAA","8"
"CACACTCAGTCGCCGT","4"
"CACAGGCCATTACGAC","10"
"CACAGGCTCAGCACAT","8"
"CACAGTACAGGTCTCG","1"
"CACAGTACATCGGAAG","2"
"CACAGTATCTATCCCG","2"
"CACATAGCAGGTGCCT","10"
"CACATAGTCCGTCATC","5"
"CACATAGTCCTCATTA","4"
"CACATTTAGGTGTTAA","4"
"CACATTTCACATCCAA","0"
"CACATTTTCAGGCCCA","2"
"CACATTTTCGTTTGCC","3"
"CACCACTCATTCCTGC","4"
"CACCACTGTCGTCTTC","2"
"CACCACTTCTAACTGG","0"
"CACCAGGAGTGAATTG","0"
"CACCAGGCACCAGGTC","2"
"CACCAGGCATTCCTGC","6"
"CACCAGGGTTGGAGGT","8"
"CACCAGGTCTGGTTCC","9"
"CACCTTGCATCACCCT","4"
"CACCTTGGTGCCTGCA","4"
"CACCTTGGTTAAGATG","8"
"CACCTTGTCACCTCGT","3"
"CACCTTGTCATAGCAC","0"
"CACTCCACATACTACG","1"
"CACTCCACATCTCCCA","6"
"CACTCCAGTAAAGTCA","3"
"CACTCCAGTTGATTGC","8"
"CACTCCAGTTTGACAC","2"
"CACTCCATCAGGATCT","8"
"CAGAATCGTCTCTTTA","12"
"CAGAGAGAGGCTAGGT","8"
"CAGAGAGTCTTAGCCC","0"
"CAGATCAAGTCACGCC","7"
"CAGATCACAAAGTCAA","1"
"CAGATCACATGCATGT","3"
"CAGATCATCCGTTGTC","0"
"CAGCAGCAGGCACATG","1"
"CAGCAGCCACAGATTC","5"
"CAGCATAAGATCGGGT","9"
"CAGCATACAGCGATCC","8"
"CAGCATAGTAGGGTAC","3"
"CAGCATAGTCTCTTAT","0"
"CAGCCGACATTACGAC","3"
"CAGCCGAGTGATGCCC","1"
"CAGCCGAGTGGTAACG","4"
"CAGCCGATCAACACGT","0"
"CAGCGACAGCGTCTAT","2"
"CAGCGACAGGCTCATT","11"
"CAGCGACAGTCCGTAT","10"
"CAGCGACCACCAGGCT","12"
"CAGCGACGTGCCTTGG","4"
"CAGCTAAAGAATGTTG","4"
"CAGCTAACATACGCTA","3"
"CAGCTAAGTGGGTATG","2"
"CAGCTGGAGTACTTGC","4"
"CAGCTGGCAAGCGAGT","2"
"CAGCTGGCATCTACGA","8"
"CAGCTGGGTCATATCG","10"
"CAGCTGGTCAACCAAC","0"
"CAGGTGCCAAGGACTG","9"
"CAGGTGCGTCTAAACC","7"
"CAGTAACTCATCGGAT","0"
"CAGTCCTAGAGGACGG","9"
"CAGTCCTGTGAGCGAT","7"
"CATATGGCAGCTCGAC","2"
"CATATGGCATGACGGA","10"
"CATATGGGTGCGGTAA","9"
"CATATTCCAAGCCCAC","11"
"CATATTCCAGACTCGC","11"
"CATATTCGTTGGTTTG","3"
"CATCAGAAGTAATCCC","11"
"CATCAGAAGTACGTTC","0"
"CATCAGAAGTTACCCA","2"
"CATCAGACACCCATGG","9"
"CATCAGACATGTCGAT","2"
"CATCAGAGTATATGGA","4"
"CATCCACCATCTACGA","2"
"CATCCACTCCAGTATG","3"
"CATCGAAGTCCGCTGA","0"
"CATCGAAGTGTAATGA","3"
"CATCGGGAGCGATAGC","11"
"CATCGGGCAATGTTGC","3"
"CATCGGGTCCCATTTA","1"
"CATCGGGTCGATCCCT","1"
"CATGACAAGACTAAGT","7"
"CATGACAAGGCATTGG","1"
"CATGACACAAGCCGTC","9"
"CATGACAGTAACGTTC","4"
"CATGACAGTTTGGCGC","1"
"CATGACATCCGAGCCA","0"
"CATGCCTAGGGCTCTC","12"
"CATGCCTTCGACGGAA","9"
"CATGGCGAGAGACTAT","4"
"CATGGCGCAAGGGTCA","1"
"CATTATCAGCCAACAG","1"
"CATTATCGTGGGTATG","8"
"CATTATCTCCAGTAGT","8"
"CATTCGCAGTACATGA","0"
"CATTCGCCACTCGACG","2"
"CATTCGCCAGCCAGAA","4"
"CCAATCCTCAACCATG","2"
"CCAATCCTCTCTTGAT","3"
"CCACCTACAAACCCAT","2"
"CCACCTAGTTTCCACC","9"
"CCACCTATCCTCCTAG","12"
"CCACGGAAGTGCCATT","2"
"CCACGGACAAGCTGTT","1"
"CCACGGATCAAACGGG","4"
"CCACGGATCTGTTTGT","7"
"CCAGCGATCACTATTC","4"
"CCAGCGATCGGAGGTA","8"
"CCATGTCCATTTCACT","4"
"CCATGTCGTACGACCC","1"
"CCATGTCGTGAGCGAT","11"
"CCATGTCTCACCGGGT","11"
"CCATTCGAGGCATTGG","5"
"CCATTCGCACGAAACG","2"
"CCCAATCCAATGTTGC","3"
"CCCAATCGTATCTGCA","1"
"CCCAATCTCGGTCCGA","5"
"CCCAATCTCGGTCTAA","4"
"CCCAATCTCTAACCGA","1"
"CCCAGTTAGACTGGGT","2"
"CCCAGTTCAGGAACGT","3"
"CCCAGTTGTGAGGGTT","4"
"CCCAGTTGTGATGATA","0"
"CCCAGTTTCTGTCCGT","1"
"CCCATACCACACGCTG","0"
"CCCATACCATGTCCTC","8"
"CCCATACTCGTTACGA","2"
"CCCTCCTCAACGCACC","4"
"CCGGGATTCGGCTACG","2"
"CCGGTAGCACTATCTT","0"
"CCGGTAGGTGGTCCGT","9"
"CCGGTAGGTTCTGGTA","4"
"CCGGTAGTCGACGGAA","6"
"CCGGTAGTCTCGTATT","1"
"CCGTACTAGTCTTGCA","0"
"CCGTACTAGTGTTTGC","2"
"CCGTACTGTGGTTTCA","7"
"CCGTACTGTTCACCTC","8"
"CCGTACTTCATGGTCA","5"
"CCGTACTTCGCCAAAT","3"
"CCGTACTTCGTCCGTT","3"
"CCGTGGAGTAACGCGA","4"
"CCGTTCAAGTTAACGA","1"
"CCGTTCACAAGTCTAC","2"
"CCTAAAGAGGAGCGAG","4"
"CCTAAAGGTAAGGGCT","0"
"CCTAAAGGTATCAGTC","0"
"CCTAAAGGTGGTCTCG","10"
"CCTAAAGTCTGCAGTA","4"
"CCTACACTCCCTAACC","8"
"CCTACCAAGATCTGAA","2"
"CCTACCAAGCCGTCGT","2"
"CCTACCAGTAAACCTC","3"
"CCTACCAGTACCGGCT","0"
"CCTACCAGTAGCGATG","9"
"CCTACCAGTTCTGAAC","5"
"CCTACCATCAAGGTAA","3"
"CCTAGCTGTCTTCTCG","4"
"CCTAGCTTCATAGCAC","7"
"CCTATTAAGCCAGTAG","7"
"CCTATTAAGTACGTTC","0"
"CCTATTACAAGTTCTG","4"
"CCTATTACACCGCTAG","1"
"CCTATTAGTGCAACGA","2"
"CCTATTAGTTGTACAC","0"
"CCTCAGTAGGCCCTTG","0"
"CCTCAGTCATTCTCAT","11"
"CCTCAGTGTACGACCC","1"
"CCTCAGTTCCGTAGGC","6"
"CCTCAGTTCTCCCTGA","1"
"CCTCTGAAGACCCACC","10"
"CCTCTGAAGCGTGTCC","0"
"CCTCTGATCCCTTGTG","11"
"CCTCTGATCTCAAACG","2"
"CCTCTGATCTTAACCT","2"
"CCTTACGCACTTAAGC","2"
"CCTTACGTCCGCAGTG","9"
"CCTTCCCAGCGCCTCA","4"
"CCTTCCCAGTCCATAC","4"
"CCTTCCCGTACAGACG","0"
"CCTTCCCTCAGAGACG","1"
"CCTTCGACACGAGGTA","1"
"CCTTTCTCACGGATAG","0"
"CCTTTCTCATTATCTC","8"
"CCTTTCTGTCATGCAT","6"
"CCTTTCTGTTGAGTTC","7"
"CCTTTCTGTTTCGCTC","6"
"CCTTTCTTCCGAATGT","3"
"CGAACATAGATCCCGC","3"
"CGAACATCACGTAAGG","7"
"CGAACATTCCTCATTA","1"
"CGAACATTCGCCAAAT","4"
"CGAATGTGTTCAGCGC","1"
"CGAATGTTCGTACGGC","9"
"CGAATGTTCTCGCATC","0"
"CGACCTTAGCAGCCTC","3"
"CGACCTTAGCCGGTAA","1"
"CGACCTTAGCCTCGTG","1"
"CGACCTTAGGCCGAAT","0"
"CGACCTTAGTTCCACA","0"
"CGACTTCAGATCCCGC","8"
"CGACTTCAGCTGTCTA","8"
"CGACTTCGTCAGGACA","3"
"CGACTTCTCCAGATCA","5"
"CGAGAAGAGGTAGCTG","0"
"CGAGAAGAGGTGATAT","0"
"CGAGAAGCATCGACGC","1"
"CGAGAAGGTACCGCTG","5"
"CGAGAAGTCTGAAAGA","8"
"CGAGCACAGAATTGTG","4"
"CGAGCCAAGCGTTCCG","8"
"CGAGCCAAGTAACCCT","4"
"CGAGCCAAGTAGCGGT","2"
"CGAGCCAGTCCAACTA","4"
"CGAGCCATCTCAACTT","10"
"CGATCGGAGATGTGTA","11"
"CGATCGGCACCGTTGG","9"
"CGATCGGCAGCGAACA","7"
"CGATGGCCATGCATGT","0"
"CGATGGCGTTTAAGCC","2"
"CGATGGCTCCTCCTAG","2"
"CGATGTAAGCAGCGTA","2"
"CGATTGACAAACGCGA","4"
"CGATTGATCAGTTCGA","3"
"CGCCAAGCAGTTCATG","2"
"CGCCAAGCAGTTCCCT","4"
"CGCCAAGTCAGCTCGG","7"
"CGCCAAGTCCCTAATT","5"
"CGCCAAGTCGTACCGG","12"
"CGCGGTAAGGACAGCT","9"
"CGCGGTACAAAGTCAA","7"
"CGCGTTTAGGATATAC","7"
"CGCGTTTCACAAGACG","5"
"CGCGTTTCAGCTGTTA","5"
"CGCGTTTGTCTAACGT","6"
"CGCGTTTTCTATGTGG","4"
"CGCTATCCATCTCGCT","2"
"CGCTATCTCCACGTGG","1"
"CGCTGGAAGGCATTGG","7"
"CGCTGGAAGGGCTTCC","0"
"CGCTGGAGTATTACCG","11"
"CGCTTCAAGAATGTTG","6"
"CGCTTCAAGGGAAACA","3"
"CGCTTCACATTCGACA","12"
"CGCTTCAGTATGGTTC","10"
"CGCTTCATCCACGTGG","4"
"CGGACACAGCTGGAAC","0"
"CGGACACAGGACTGGT","11"
"CGGACACAGGGTCGAT","3"
"CGGACACCATTCCTGC","4"
"CGGACACGTGAGGCTA","4"
"CGGACACTCACGATGT","2"
"CGGACTGCAACCGCCA","10"
"CGGACTGCACACATGT","4"
"CGGAGCTTCAGGATCT","0"
"CGGAGTCAGCGAAGGG","0"
"CGGAGTCAGTACTTGC","7"
"CGGAGTCCAAGCCTAT","1"
"CGGAGTCGTCACCCAG","0"
"CGGGTCAAGCTCCTCT","0"
"CGGGTCATCGACAGCC","4"
"CGGGTCATCTGCTGCT","11"
"CGGTTAAAGCGCCTTG","8"
"CGGTTAAGTCAACATC","9"
"CGGTTAAGTTAAAGAC","2"
"CGGTTAAGTTTGACAC","7"
"CGTAGCGCAGCTCCGA","10"
"CGTAGCGTCCGTAGGC","6"
"CGTAGCGTCTTGTCAT","0"
"CGTAGGCAGTGGTCCC","5"
"CGTAGGCCAAAGAATC","10"
"CGTAGGCCACGCATCG","0"
"CGTAGGCCAGCCTTGG","1"
"CGTAGGCTCGAACGGA","8"
"CGTCACTAGGACACCA","2"
"CGTCACTCATGGTTGT","3"
"CGTCACTGTCACCCAG","6"
"CGTCAGGGTAAGAGGA","2"
"CGTCAGGGTTAAGGGC","5"
"CGTCAGGGTTCGCTAA","6"
"CGTCCATAGAAGCCCA","2"
"CGTCCATAGGACTGGT","4"
"CGTCCATCAAGGTTTC","4"
"CGTCTACAGTCACGCC","4"
"CGTCTACCAATAGAGT","5"
"CGTCTACCACTTCGAA","2"
"CGTGAGCAGACCACGA","8"
"CGTGAGCCAAATCCGT","10"
"CGTGAGCCAATGGAGC","6"
"CGTGAGCCATGCTAGT","0"
"CGTGAGCCATGGTCAT","9"
"CGTGAGCGTGACAAAT","12"
"CGTGAGCTCTGAAAGA","8"
"CGTGTAAGTACTCAAC","0"
"CGTGTCTAGAAGGACA","5"
"CGTGTCTAGCTTTGGT","6"
"CGTGTCTAGTAATCCC","3"
"CGTGTCTCAGACGCAA","5"
"CGTTAGAAGCTCAACT","1"
"CGTTAGAGTGACAAAT","3"
"CGTTAGAGTTATCCGA","0"
"CGTTCTGGTTGGTGGA","6"
"CGTTCTGTCACTCTTA","8"
"CGTTCTGTCTTTAGGG","4"
"CGTTGGGAGAATGTTG","5"
"CGTTGGGGTCACCTAA","2"
"CGTTGGGTCAGCTTAG","7"
"CGTTGGGTCCACTCCA","2"
"CGTTGGGTCTCCGGTT","2"
"CTAACTTCACGGCGTT","8"
"CTAACTTTCAACACCA","7"
"CTAAGACAGAGTAATC","4"
"CTAAGACCATGTTCCC","12"
"CTAAGACGTAAGCACG","7"
"CTAAGACGTAGCTTGT","7"
"CTAAGACGTTACCGAT","2"
"CTAAGACGTTCAGTAC","11"
"CTAAGACTCTCCAGGG","0"
"CTAATGGCAGCGATCC","3"
"CTACACCGTACATCCA","3"
"CTACACCGTGGTACAG","12"
"CTACATTCAACACCCG","2"
"CTACATTTCCCAAGTA","0"
"CTACCCAAGCTACCTA","1"
"CTACCCAAGGCTAGGT","7"
"CTACCCAGTCACTTCC","0"
"CTACCCAGTGTTGAGG","0"
"CTACCCATCCCTGACT","0"
"CTACCCATCTTAGCCC","2"
"CTACGTCAGCGCCTTG","0"
"CTACGTCAGTGAACAT","2"
"CTACGTCGTCGACTAT","6"
"CTACGTCTCGCCAGCA","10"
"CTACGTCTCTAACGGT","8"
"CTAGAGTGTACCCAAT","6"
"CTAGAGTGTACCGCTG","3"
"CTAGAGTGTAGCGTCC","5"
"CTAGCCTAGCATCATC","5"
"CTAGCCTCAATGAATG","4"
"CTAGCCTCATGTCGAT","7"
"CTAGTGACAGATCGGA","7"
"CTAGTGATCCGCATCT","0"
"CTCACACCATACTCTT","7"
"CTCACACGTCCTCTTG","8"
"CTCACACGTGTATGGG","3"
"CTCAGAAAGCACGCCT","1"
"CTCAGAAGTTTGCATG","6"
"CTCAGAATCCTTGACC","1"
"CTCATTAAGCAGCGTA","4"
"CTCATTAAGCTACCGC","4"
"CTCATTAAGTACTTGC","1"
"CTCATTAGTCTGATTG","2"
"CTCATTAGTGTTGGGA","0"
"CTCATTATCACGACTA","5"
"CTCATTATCAGGCAAG","10"
"CTCCTAGAGACACTAA","8"
"CTCCTAGCAATGGTCT","3"
"CTCCTAGGTCCGTGAC","6"
"CTCCTAGGTTTACTCT","1"
"CTCGAAACAGGACCCT","5"
"CTCGAAATCAATACCG","8"
"CTCGAGGAGTTGTCGT","7"
"CTCGGAGAGACCCACC","1"
"CTCGGAGAGTCTCGGC","2"
"CTCGGAGCATGTCGAT","3"
"CTCGGAGGTGCGATAG","2"
"CTCGGAGGTGTTTGGT","2"
"CTCGGAGTCTGCTGTC","1"
"CTCGGGACATGAACCT","4"
"CTCGGGAGTTCCACAA","1"
"CTCGGGATCAACCATG","3"
"CTCGTACAGACAAAGG","7"
"CTCGTACCAGCTGCAC","5"
"CTCGTCAAGACACGAC","0"
"CTCTAATCAAGCCGTC","0"
"CTCTAATCAATTGCTG","1"
"CTCTAATCACTGTTAG","0"
"CTCTAATCAGTCACTA","2"
"CTCTAATCAGTCCTTC","12"
"CTCTAATGTACTCTCC","2"
"CTCTAATTCACAAACC","3"
"CTCTAATTCAGTTTGG","5"
"CTCTAATTCTATCCTA","1"
"CTCTACGAGACTTGAA","7"
"CTCTACGAGGGAACGG","4"
"CTCTACGCAGCTATTG","0"
"CTCTACGTCTCTAGGA","10"
"CTCTGGTAGTACGTTC","4"
"CTCTGGTAGTCCTCCT","2"
"CTCTGGTCACAGCGTC","2"
"CTCTGGTGTGGACGAT","2"
"CTCTGGTTCGTCTGAA","4"
"CTGAAACCATCTCCCA","5"
"CTGAAGTCATGGATGG","0"
"CTGAAGTGTGTGGCTC","1"
"CTGATAGCAACTGCTA","12"
"CTGATAGCATTAGCCA","0"
"CTGATAGTCATATCGG","2"
"CTGATAGTCGTAGATC","4"
"CTGATAGTCTCGATGA","2"
"CTGATCCAGTCCTCCT","2"
"CTGATCCCAGGATTGG","0"
"CTGATCCGTTGGTGGA","3"
"CTGCCTAAGAAGGTGA","10"
"CTGCCTAAGTCCATAC","8"
"CTGCCTACAGCATGAG","0"
"CTGCCTAGTGTGTGCC","3"
"CTGCCTATCGTCGTTC","1"
"CTGCGGAAGCTTTGGT","7"
"CTGCGGACAATGGACG","4"
"CTGCGGAGTGTCCTCT","3"
"CTGCTGTAGCATCATC","0"
"CTGCTGTCAAGACACG","7"
"CTGCTGTGTATGAAAC","1"
"CTGCTGTGTGCCTGTG","0"
"CTGCTGTTCTGTCTCG","1"
"CTGGTCTAGTGGTAAT","4"
"CTGGTCTCAGCTGTTA","1"
"CTGGTCTGTTCGGCAC","0"
"CTGGTCTTCACCATAG","5"
"CTGGTCTTCGAGCCCA","2"
"CTGTGCTAGAATGTGT","0"
"CTGTGCTAGCGTGTCC","6"
"CTGTGCTAGGTCATCT","6"
"CTGTGCTAGTTTCCTT","7"
"CTGTGCTCACCAGATT","4"
"CTGTGCTCATCAGTAC","4"
"CTGTGCTGTCATTAGC","12"
"CTGTGCTTCGAGCCCA","9"
"CTGTGCTTCTTCAACT","3"
"CTGTTTAAGAACTCGG","4"
"CTGTTTAAGACTCGGA","9"
"CTGTTTAAGCCGGTAA","1"
"CTGTTTAAGGCTCTTA","3"
"CTGTTTAAGGTGGGTT","4"
"CTGTTTAGTACCGTAT","6"
"CTGTTTATCGGTCCGA","3"
"CTGTTTATCTGGAGCC","10"
"CTTAACTAGCATCATC","6"
"CTTAACTAGGACATTA","9"
"CTTAACTCATACCATG","7"
"CTTAACTTCAACTCTT","4"
"CTTACCGAGAGTGAGA","5"
"CTTACCGAGCCACGCT","0"
"CTTACCGAGGGTTCCC","0"
"CTTACCGAGTGCGTGA","5"
"CTTACCGCAGCTTAAC","0"
"CTTACCGTCACCCTCA","6"
"CTTACCGTCTGTACGA","8"
"CTTAGGAAGCCACTAT","11"
"CTTAGGACATGCTGGC","3"
"CTTAGGAGTTCACGGC","0"
"CTTCTCTGTATCAGTC","6"
"CTTCTCTGTGGGTCAA","1"
"CTTGGCTCATAGACTC","4"
"CTTGGCTGTGGAAAGA","4"
"CTTTGCGCAGGTGGAT","9"
"CTTTGCGCAGTCGTGC","5"
"CTTTGCGTCGCGCCAA","6"
"GAAACTCAGGTGTGGT","6"
"GAAACTCCAGCCTTGG","11"
"GAAACTCCATGGTAGG","2"
"GAAATGAGTTGATTGC","3"
"GAACATCCATTTGCTT","1"
"GAACATCGTCACTGGC","3"
"GAACATCTCTTGCATT","0"
"GAACCTACAGACGCCT","1"
"GAACCTAGTGCCTTGG","1"
"GAACCTAGTGCGGTAA","0"
"GAACGGAAGCCACTAT","1"
"GAACGGAGTCCGCTGA","9"
"GAACGGAGTCTTTCAT","8"
"GAACGGATCCGCGTTT","7"
"GAACGGATCGCGTTTC","3"
"GAACGGATCTCGATGA","5"
"GAAGCAGAGAGGTTGC","4"
"GAAGCAGCAGGGTACA","0"
"GAAGCAGGTAGTACCT","2"
"GAAGCAGGTCCGAAGA","6"
"GAAGCAGGTTGAGGTG","3"
"GAATAAGGTACAGTTC","1"
"GAATAAGGTCTCATCC","0"
"GAATAAGGTGCAACTT","3"
"GAATAAGTCCTAAGTG","4"
"GAATGAAAGGAGCGTT","3"
"GAATGAAGTCCGTGAC","0"
"GAATGAAGTTATTCTC","8"
"GACACGCAGTCAAGGC","4"
"GACACGCAGTCCCACG","1"
"GACAGAGGTTCCATGA","7"
"GACAGAGTCCTCCTAG","1"
"GACCAATCAGACGCTC","9"
"GACCAATGTTAGGGTG","9"
"GACCTGGCACACAGAG","2"
"GACCTGGGTCGTCTTC","4"
"GACGCGTAGAAACCGC","7"
"GACGCGTAGGGATACC","10"
"GACGCGTTCCAGGGCT","5"
"GACGCGTTCGTGGACC","2"
"GACGCGTTCGTGGGAA","0"
"GACGTGCAGACAGACC","1"
"GACGTGCAGCTCAACT","3"
"GACGTGCCATCGTCGG","3"
"GACGTTACACGTGAGA","8"
"GACGTTAGTATATGAG","5"
"GACGTTATCGTGGGAA","8"
"GACTAACAGCTAGCCC","3"
"GACTAACAGTGTACCT","1"
"GACTAACGTCTCTTTA","3"
"GACTAACGTGGTAACG","11"
"GACTAACGTTACGTCA","7"
"GACTACAAGGCATGTG","6"
"GACTACAAGGGCTCTC","6"
"GACTACACACTAAGTC","5"
"GACTACAGTAGGCTGA","1"
"GACTACAGTTATCGGT","1"
"GACTACAGTTCCCGAG","8"
"GACTGCGAGGCTACGA","4"
"GACTGCGCAGGTCCAC","6"
"GACTGCGCATTGGTAC","1"
"GACTGCGGTCGCTTTC","8"
"GACTGCGTCAGCTCTC","2"
"GACTGCGTCTCTAAGG","0"
"GACTGCGTCTTCGGTC","2"
"GAGCAGAAGGCCCGTT","0"
"GAGCAGAAGGTGATTA","1"
"GAGCAGATCTAGAGTC","0"
"GAGCAGATCTTAGCCC","5"
"GAGGTGAAGACGCAAC","2"
"GAGGTGACAATGACCT","0"
"GAGGTGACACGGTAAG","6"
"GAGTCCGCAAGAAAGG","1"
"GAGTCCGCACGGCCAT","0"
"GAGTCCGTCTTAGAGC","7"
"GATCGATAGGTCATCT","10"
"GATCGATAGTACGACG","7"
"GATCGATGTAAATGTG","5"
"GATCGATGTTCCATGA","0"
"GATCGATTCAACCAAC","1"
"GATCGATTCATCGCTC","2"
"GATCGCGGTAAGGATT","7"
"GATCGCGGTCACACGC","10"
"GATCGCGGTGTTTGTG","7"
"GATCGTAAGTTGAGAT","6"
"GATCTAGAGATATGCA","6"
"GATCTAGGTCTAGAGG","9"
"GATGAAACATTCACTT","9"
"GATGAAATCTGAGTGT","0"
"GATGAGGAGCCATCGC","2"
"GATGAGGAGCGAGAAA","6"
"GATGAGGAGTCCTCCT","8"
"GATGAGGCACAACTGT","0"
"GATGAGGTCTCGCATC","3"
"GATGAGGTCTGCGGCA","0"
"GATGCTAAGTACTTGC","0"
"GATGCTAGTACAGCAG","2"
"GATGCTAGTATCGCAT","4"
"GATTCAGAGCCTATGT","3"
"GATTCAGAGGGATACC","7"
"GATTCAGGTCCGAAGA","4"
"GCAAACTAGCCAGAAC","4"
"GCAAACTCACGCATCG","0"
"GCAAACTCATCTGGTA","1"
"GCAAACTGTTTGGCGC","2"
"GCAATCAAGAGTACAT","9"
"GCAATCAAGGCGTACA","4"
"GCAATCACAATCACAC","1"
"GCAATCACAGACGCCT","6"
"GCAATCATCCGATATG","1"
"GCAATCATCCGCATAA","6"
"GCACATACAAGTCTAC","6"
"GCACTCTTCGGTTAAC","6"
"GCAGCCAAGACTGTAA","6"
"GCAGCCAAGCAAATCA","2"
"GCAGCCAAGTGGGCTA","2"
"GCAGCCACAGTACACT","6"
"GCAGCCACATTTCAGG","9"
"GCAGCCAGTAGAAAGG","4"
"GCAGCCAGTCTTTCAT","6"
"GCAGCCAGTTTAAGCC","9"
"GCAGTTAGTAAGTGTA","0"
"GCAGTTAGTACTTCTT","3"
"GCATACAAGCGGCTTC","5"
"GCATACAAGGTACTCT","2"
"GCATACAGTCTAGAGG","0"
"GCATACAGTGCTAGCC","3"
"GCATACAGTTTGACAC","0"
"GCATACATCTTAACCT","0"
"GCATGATAGATAGTCA","0"
"GCATGATAGCTGTTCA","1"
"GCATGATGTTCTGAAC","3"
"GCATGATTCATTATCC","5"
"GCATGCGCACATCTTT","5"
"GCATGTAAGTGAACGC","1"
"GCATGTACATGTCGAT","3"
"GCATGTACATTTGCTT","7"
"GCCAAATAGTCCGGTC","3"
"GCCAAATCACAGTCGC","2"
"GCCAAATGTCCTGCTT","5"
"GCCTCTAAGAGCTGCA","4"
"GCCTCTAAGTTACGGG","3"
"GCCTCTAGTGCTCTTC","5"
"GCCTCTATCCCTGACT","5"
"GCCTCTATCGATAGAA","3"
"GCGAGAAGTCCAGTAT","9"
"GCGCAACAGCTGCGAA","7"
"GCGCAACCAACGATGG","1"
"GCGCAGTAGACACGAC","0"
"GCGCAGTGTCGGGTCT","10"
"GCGCAGTGTGTATGGG","3"
"GCGCAGTTCAGGCGAA","0"
"GCGCAGTTCGTATCAG","3"
"GCGCAGTTCGTCTGAA","2"
"GCGCCAAAGCGCCTTG","4"
"GCGCCAACAATAAGCA","4"
"GCGCCAAGTAAGAGGA","1"
"GCGCCAAGTGATAAGT","11"
"GCGCCAAGTGTGACCC","2"
"GCGCCAATCTGGCGAC","1"
"GCGCGATCATCAGTAC","1"
"GCGGGTTTCTGTACGA","1"
"GCTCCTAAGCGATCCC","6"
"GCTCCTAGTTAGATGA","0"
"GCTCTGTAGGTGGGTT","8"
"GCTCTGTCACCACCAG","1"
"GCTCTGTCACCGTTGG","6"
"GCTCTGTCATTGGGCC","1"
"GCTCTGTTCCTACAGA","2"
"GCTCTGTTCGAGAGCA","4"
"GCTGCAGAGTACTTGC","9"
"GCTGCAGCAAGCGATG","9"
"GCTGCAGCAATGGAGC","5"
"GCTGCAGCATAGACTC","0"
"GCTGCAGGTAAGGATT","4"
"GCTGCAGGTTCCAACA","2"
"GCTGCAGTCAATCTCT","0"
"GCTGCAGTCAGCCTAA","10"
"GCTGCGACAATAGCGG","1"
"GCTGCGAGTACCAGTT","3"
"GCTGCGAGTGTAAGTA","1"
"GCTGCGATCCCATTTA","8"
"GCTGCGATCGGCTTGG","1"
"GCTGCTTGTAGCGATG","0"
"GCTGCTTGTGCTAGCC","1"
"GCTGCTTGTTCTCATT","1"
"GCTGGGTAGACCTAGG","1"
"GCTGGGTAGCCACCTG","6"
"GCTGGGTAGTCCTCCT","8"
"GCTTCCAAGACCTTTG","3"
"GCTTCCACACGGACAA","4"
"GCTTCCATCCAGTAGT","1"
"GCTTGAACATTCGACA","0"
"GCTTGAAGTACTTAGC","0"
"GCTTGAATCTTGCAAG","1"
"GGAAAGCAGTTCGATC","7"
"GGAAAGCCATGCAACT","2"
"GGAAAGCGTTTCCACC","5"
"GGAAAGCTCAACACCA","4"
"GGAAAGCTCCTACAGA","10"
"GGAACTTTCTCGAGTA","7"
"GGAATAAGTACATGTC","8"
"GGAATAATCTCGGACG","12"
"GGACAAGCAATGAATG","2"
"GGACAGACACCTTGTC","2"
"GGACAGAGTGTGCCTG","2"
"GGACAGAGTTAGTGGG","11"
"GGACATTTCACAACGT","9"
"GGACGTCGTCGGCATC","7"
"GGACGTCTCCTAAGTG","1"
"GGACGTCTCGGACAAG","9"
"GGAGCAACACAGGTTT","11"
"GGAGCAAGTGGTGTAG","0"
"GGATGTTAGACAGGCT","6"
"GGATGTTCACTAGTAC","0"
"GGATGTTGTACCTACA","5"
"GGATGTTTCAACGCTA","1"
"GGATTACGTCATATCG","0"
"GGATTACGTGATGTGG","2"
"GGCAATTAGCAGCGTA","10"
"GGCAATTCAATCACAC","7"
"GGCAATTCATAAGACA","6"
"GGCAATTGTACCCAAT","6"
"GGCAATTGTCTTGTCC","0"
"GGCAATTTCTGTACGA","1"
"GGCCGATCATCCGCGA","9"
"GGCCGATGTCTAGCCG","0"
"GGCCGATGTTCCACGG","4"
"GGCCGATTCGCCTGTT","0"
"GGCGACTAGACGCACA","4"
"GGCGACTAGCGTCAAG","0"
"GGCGACTAGTATCTCG","4"
"GGCGACTCAATCGAAA","0"
"GGCGACTCACATTAGC","3"
"GGCGACTCAGCTGGCT","0"
"GGCGTGTAGTATTGGA","3"
"GGCGTGTCAGCTGTAT","5"
"GGCGTGTCATGGGAAC","4"
"GGCTCGAGTATGAATG","6"
"GGCTCGAGTCTCAACA","1"
"GGCTCGAGTTGCTCCT","2"
"GGCTCGATCTAACGGT","2"
"GGGAATGGTCTGATTG","3"
"GGGACCTGTAAGCACG","12"
"GGGAGATCACTTACGA","9"
"GGGAGATGTACTCTCC","11"
"GGGAGATGTTCTCATT","0"
"GGGATGAAGAAACGAG","1"
"GGGATGAAGATGGGTC","2"
"GGGATGAGTAGCTAAA","4"
"GGGCACTAGACAGGCT","2"
"GGGCACTCACGTAAGG","4"
"GGGCACTTCGCTGATA","1"
"GGGCATCAGGGTTCCC","7"
"GGGCATCGTTATCGGT","4"
"GGGCATCTCCCTTGCA","2"
"GGGCATCTCCTTGACC","3"
"GGGTCTGTCTTTACAC","0"
"GGGTTGCCATACTCTT","7"
"GGGTTGCCATGGAATA","6"
"GGGTTGCCATTTCAGG","1"
"GGGTTGCTCATCGGAT","6"
"GGTATTGCATAGAAAC","8"
"GGTATTGTCCTTCAAT","4"
"GGTGAAGAGAGTGAGA","1"
"GGTGAAGCAACACGCC","0"
"GGTGCGTTCATTCACT","0"
"GGTGTTACATGTCTCC","3"
"GGTGTTATCTAACTTC","4"
"GGTGTTATCTCCTATA","4"
"GTAACGTAGAGTAATC","0"
"GTAACTGAGCAGCCTC","6"
"GTAACTGAGGTGGGTT","0"
"GTAACTGCACATTCGA","7"
"GTAACTGCAGCGTCCA","2"
"GTAACTGCAGGTCTCG","6"
"GTAACTGCATCTCCCA","10"
"GTAACTGGTCCAGTAT","1"
"GTACGTAAGCTGAACG","4"
"GTACGTACACGGACAA","2"
"GTACGTATCTGTACGA","6"
"GTACTCCAGAGGTTAT","6"
"GTACTCCGTCAGAATA","3"
"GTACTCCTCACAAACC","6"
"GTACTCCTCTTGGGTA","2"
"GTACTTTGTCCTCCAT","4"
"GTACTTTGTCTCATCC","5"
"GTACTTTGTTGGTAAA","1"
"GTAGGCCCACTTCTGC","5"
"GTAGGCCGTTCATGGT","11"
"GTAGGCCTCGCCTGTT","11"
"GTAGTCACACGGTTTA","5"
"GTAGTCACATGCATGT","1"
"GTAGTCATCGTTTATC","7"
"GTATCTTAGAGGGCTT","2"
"GTATCTTAGTCTCAAC","4"
"GTATCTTCATCACGTA","5"
"GTATCTTGTCCTCCAT","6"
"GTATCTTGTTCTGGTA","6"
"GTATCTTTCATGGTCA","11"
"GTATTCTAGAATTGTG","5"
"GTATTCTAGGACCACA","1"
"GTATTCTCAAGAGTCG","2"
"GTATTCTTCCTGCTTG","1"
"GTCAAGTAGGCGATAC","2"
"GTCAAGTCACACGCTG","10"
"GTCAAGTCAGCTGTAT","9"
"GTCACAACAAGTTGTC","2"
"GTCACAACATCTATGG","3"
"GTCACAACATTGAGCT","4"
"GTCACGGAGTACACCT","3"
"GTCACGGCAAAGGCGT","7"
"GTCACGGTCACCATAG","6"
"GTCACGGTCCGTCATC","9"
"GTCATTTAGCGTTTAC","8"
"GTCATTTTCGTCCGTT","0"
"GTCATTTTCGTCGTTC","2"
"GTCCTCAAGCGACGTA","1"
"GTCCTCACATCCTAGA","7"
"GTCCTCATCTAAGCCA","3"
"GTCGGGTCACTTCGAA","10"
"GTCGGGTCATGTAAGA","3"
"GTCGGGTGTTCTCATT","5"
"GTCGTAAGTGGACGAT","2"
"GTCGTAATCAAGATCC","6"
"GTCGTAATCGATCCCT","3"
"GTCTCGTTCGTTTAGG","9"
"GTCTCGTTCTGCGACG","11"
"GTCTTCGTCAGGCCCA","0"
"GTCTTCGTCATGTGGT","2"
"GTCTTCGTCCTAGGGC","10"
"GTGAAGGAGAATCTCC","4"
"GTGAAGGAGATAGTCA","8"
"GTGAAGGCACGAAACG","0"
"GTGAAGGTCCGATATG","0"
"GTGCAGCAGTGCTGCC","3"
"GTGCAGCCAGCTGGCT","10"
"GTGCAGCGTGCGATAG","5"
"GTGCAGCTCCGCAGTG","2"
"GTGCATAGTAAACACA","0"
"GTGCATAGTAAATGTG","3"
"GTGCATAGTCGGCATC","4"
"GTGCATAGTGCAGGTA","0"
"GTGCATATCTGCCCTA","1"
"GTGCGGTTCCCTAACC","2"
"GTGCTTCCACAACGCC","9"
"GTGCTTCCAGCTGGCT","2"
"GTGCTTCGTAGAGGAA","5"
"GTGCTTCTCCCATTTA","7"
"GTGGGTCCAAAGGCGT","3"
"GTGTGCGCACAGGAGT","8"
"GTGTGCGTCCCTCTTT","1"
"GTGTTAGAGCTTATCG","3"
"GTGTTAGGTATTCTCT","2"
"GTGTTAGGTGCCTGGT","0"
"GTGTTAGGTGGGTATG","0"
"GTTAAGCAGGTCGGAT","2"
"GTTAAGCCAATAGCGG","1"
"GTTAAGCCACACCGCA","7"
"GTTAAGCGTCTCTCTG","2"
"GTTAAGCTCCCTTGCA","11"
"GTTAAGCTCTAACTTC","1"
"GTTACAGTCCGTTGCT","9"
"GTTCATTCAATGTTGC","0"
"GTTCATTCACATTCGA","2"
"GTTCATTCATCACCCT","3"
"GTTCATTGTAAACACA","10"
"GTTCATTGTTCACGGC","1"
"GTTCATTTCCCGGATG","2"
"GTTCATTTCCGATATG","8"
"GTTCGGGAGGGCACTA","4"
"GTTCGGGCAGCTCGAC","5"
"GTTCGGGGTTCGGCAC","9"
"GTTCGGGTCCGGGTGT","6"
"GTTCTCGAGCTGTCTA","7"
"GTTCTCGTCGTTTGCC","2"
"GTTTCTAGTATTACCG","7"
"GTTTCTATCAGTACGT","6"
"TAAACCGAGAGACTAT","4"
"TAAACCGAGTCGATAA","6"
"TAAACCGTCACGCATA","0"
"TAAACCGTCAGCTGGC","3"
"TAAACCGTCATTATCC","1"
"TAAGAGACATTCGACA","11"
"TAAGTGCGTAAGAGAG","1"
"TAAGTGCTCGCGTAGC","3"
"TACACGAAGGTAGCTG","0"
"TACACGACATTGAGCT","4"
"TACACGAGTATCTGCA","1"
"TACACGAGTGAGGGTT","0"
"TACACGAGTGGAAAGA","11"
"TACACGATCGCACTCT","4"
"TACACGATCGGCGCTA","4"
"TACAGTGAGCTGCGAA","3"
"TACAGTGCAGCCAATT","11"
"TACAGTGGTGACCAAG","3"
"TACCTATAGACAAGCC","2"
"TACCTATCACATCCAA","0"
"TACCTATCAGGTCCAC","11"
"TACCTATTCGTCACGG","1"
"TACCTATTCTATCGCC","0"
"TACCTATTCTCATTCA","4"
"TACCTTAGTGCACTTA","2"
"TACCTTATCCGTCATC","2"
"TACCTTATCTTCATGT","1"
"TACGGATGTATAATGG","0"
"TACGGATGTCAGATAA","9"
"TACGGGCAGATATGCA","9"
"TACGGGCTCACTTCAT","10"
"TACGGGCTCCTTGACC","8"
"TACGGTAAGAAGGACA","11"
"TACGGTATCTAGCACA","2"
"TACTCATGTCAGATAA","0"
"TACTCATTCACGATGT","4"
"TACTCATTCCTCGCAT","6"
"TACTCGCAGCTGTCTA","8"
"TACTCGCAGGTGCAAC","4"
"TACTCGCGTTTGACTG","6"
"TACTTACCAAGTCTGT","5"
"TACTTACGTATATCCG","7"
"TACTTACGTCAAAGAT","6"
"TACTTGTCAGCCAGAA","8"
"TACTTGTGTATGAAAC","8"
"TACTTGTGTCGAATCT","1"
"TACTTGTTCAACGGCC","2"
"TACTTGTTCATCACCC","2"
"TACTTGTTCCGATATG","3"
"TAGACCACAAGCGATG","1"
"TAGACCACATCCTAGA","7"
"TAGAGCTAGATGCCAG","0"
"TAGAGCTCAATCACAC","7"
"TAGAGCTGTCTAGTGT","6"
"TAGAGCTGTGTCCTCT","0"
"TAGAGCTTCAGCCTAA","9"
"TAGAGCTTCGTGGACC","1"
"TAGCCGGCAAGTCATC","4"
"TAGCCGGGTGAGCGAT","2"
"TAGCCGGTCACGCGGT","3"
"TAGGCATAGAGCTTCT","2"
"TAGGCATAGATGTAAC","3"
"TAGGCATCACTGCCAG","4"
"TAGTGGTAGTTTAGGA","0"
"TAGTGGTCACGGACAA","3"
"TAGTTGGAGAAACGCC","4"
"TAGTTGGCACACATGT","1"
"TAGTTGGCACATTTCT","3"
"TAGTTGGCATTGGTAC","10"
"TATCAGGAGTACCGGA","4"
"TATCAGGGTACCATCA","1"
"TATCAGGGTGAACCTT","6"
"TATCTCACAAGTCTGT","1"
"TATCTCACAATGAATG","6"
"TATCTCACAGGCGATA","7"
"TATCTCAGTTAAGTAG","12"
"TATGCCCAGAAACCAT","3"
"TATGCCCAGCGACGTA","6"
"TATGCCCAGCTCCTCT","3"
"TATGCCCCAGGGAGAG","0"
"TATGCCCGTCCAGTTA","2"
"TATGCCCTCTACTCAT","6"
"TATTACCTCATGTCTT","0"
"TCAACGAAGTAGGTGC","0"
"TCAACGACAATTGCTG","6"
"TCAACGAGTATCAGTC","12"
"TCAATCTAGACACGAC","1"
"TCAATCTGTACGCACC","4"
"TCACAAGAGCAGATCG","1"
"TCACAAGAGGTCGGAT","1"
"TCACAAGCAGACACTT","4"
"TCACAAGTCCTATTCA","3"
"TCACGAAAGGCCCTCA","5"
"TCACGAAGTCTTTCAT","5"
"TCACGAATCATCGATG","9"
"TCAGATGAGATCCTGT","5"
"TCAGATGAGCGATAGC","10"
"TCAGATGTCGGCGCTA","2"
"TCAGCAAGTCCCTTGT","0"
"TCAGCAATCTTTACGT","4"
"TCAGCTCAGGGAAACA","4"
"TCAGCTCAGTCACGCC","6"
"TCAGCTCCACAGACAG","3"
"TCAGCTCGTGTGAATA","8"
"TCAGGATAGCTAGCCC","9"
"TCAGGATAGTACGCCC","7"
"TCAGGATAGTCACGCC","4"
"TCAGGTAAGGCCGAAT","10"
"TCAGGTACACAGTCGC","8"
"TCAGGTACACGGCTAC","4"
"TCAGGTAGTAGAAGGA","7"
"TCAGGTATCACAATGC","0"
"TCATTACAGACACTAA","5"
"TCATTACAGACCTTTG","0"
"TCATTACCAGATCGGA","2"
"TCATTACCAGGGATTG","10"
"TCATTACGTGTAATGA","4"
"TCATTTGAGTGCGTGA","4"
"TCATTTGCACGTAAGG","6"
"TCATTTGCATCATCCC","2"
"TCATTTGCATCTACGA","4"
"TCATTTGGTTCCGTCT","8"
"TCCCGATCATCGTCGG","0"
"TCCCGATTCAATACCG","0"
"TCGAGGCAGGGAGTAA","5"
"TCGAGGCGTGACAAAT","2"
"TCGAGGCTCGTCACGG","1"
"TCGCGAGGTACAGTTC","5"
"TCGCGAGGTGTCCTCT","6"
"TCGCGTTAGCACACAG","6"
"TCGCGTTGTAATCACC","0"
"TCGCGTTGTAGCGTCC","3"
"TCGCGTTTCAGGTAAA","2"
"TCGGGACAGGAGTACC","3"
"TCGGGACGTTCCGTCT","2"
"TCGGTAACAAGCTGTT","7"
"TCGGTAACACCAGATT","8"
"TCGTACCTCAGGCAAG","1"
"TCGTACCTCATTATCC","5"
"TCGTACCTCGGCTTGG","0"
"TCGTACCTCGTTTATC","6"
"TCGTAGAAGTGTCCCG","4"
"TCGTAGATCAGTCAGT","2"
"TCTATTGAGACCTAGG","9"
"TCTATTGAGGCGTACA","4"
"TCTATTGAGTCTCCTC","4"
"TCTATTGCATAACCTG","0"
"TCTCATAAGTTTCCTT","6"
"TCTCATACAATCTGCA","10"
"TCTCATATCACTCCTG","10"
"TCTCATATCGGAATCT","6"
"TCTCTAACAGATCCAT","7"
"TCTCTAATCAATCTCT","2"
"TCTCTAATCATAAAGG","0"
"TCTGAGACAGATCGGA","0"
"TCTGAGATCGGCTACG","8"
"TCTGGAACACACCGCA","9"
"TCTGGAACACACGCTG","5"
"TCTGGAAGTCCTCTTG","5"
"TCTGGAATCCTTGCCA","3"
"TCTGGAATCGTAGGTT","6"
"TCTGGAATCTTATCTG","12"
"TCTTCGGAGCAGATCG","7"
"TCTTCGGCACCCTATC","3"
"TCTTCGGGTACATGTC","1"
"TCTTCGGTCACCAGGC","0"
"TCTTTCCAGCTGCCCA","10"
"TCTTTCCGTTATCACG","3"
"TCTTTCCTCATTGCGA","2"
"TCTTTCCTCTGCTTGC","2"
"TGAAAGAAGCAGATCG","7"
"TGAAAGACACCAGATT","2"
"TGAAAGACATCTCCCA","12"
"TGAAAGAGTAAACCTC","0"
"TGAAAGAGTCGCTTCT","3"
"TGACAACAGCTTATCG","6"
"TGACAACCACTGTGTA","5"
"TGACAACCATTCCTGC","10"
"TGACAACGTTAGATGA","0"
"TGACAACTCCCTCAGT","10"
"TGACAACTCCGATATG","5"
"TGACGGCAGGTGTGGT","4"
"TGACGGCAGTTTAGGA","5"
"TGACGGCCAGATGGGT","10"
"TGACGGCTCCGGGTGT","4"
"TGACTAGAGTTTAGGA","9"
"TGACTAGCAACCGCCA","3"
"TGACTTTCAATGGTCT","12"
"TGACTTTCACGACTCG","1"
"TGACTTTGTATAATGG","3"
"TGAGAGGAGGTCATCT","5"
"TGAGAGGGTCTAGCGC","11"
"TGAGCATCAGATGAGC","0"
"TGAGCATTCTCACATT","3"
"TGAGCCGAGAGTAATC","2"
"TGAGCCGAGGCGACAT","0"
"TGAGCCGGTCGAACAG","3"
"TGAGCCGGTTTGTTTC","10"
"TGAGGGACAGTAGAGC","0"
"TGAGGGATCTTACCGC","1"
"TGATTTCAGAGACGAA","7"
"TGATTTCAGGATATAC","0"
"TGATTTCTCCTCGCAT","5"
"TGCACCTAGCGGATCA","7"
"TGCACCTAGTCGATAA","12"
"TGCACCTCAAGACACG","1"
"TGCACCTCATAGGATA","0"
"TGCCAAACAGATCCAT","2"
"TGCCAAATCACTTATC","0"
"TGCCCATAGAAACGAG","4"
"TGCCCATAGGAATCGC","4"
"TGCCCATAGTTTCCTT","4"
"TGCCCATGTCAATACC","3"
"TGCCCATGTTCCCTTG","5"
"TGCCCATTCGCGATCG","4"
"TGCCCTACATACCATG","0"
"TGCCCTAGTTTGGGCC","2"
"TGCGCAGCAGCCACCA","0"
"TGCGCAGGTTGATTGC","0"
"TGCGGGTAGTAACCCT","1"
"TGCGGGTAGTCCAGGA","9"
"TGCGGGTGTCATACTG","3"
"TGCGGGTGTGCTTCTC","4"
"TGCGTGGCATAACCTG","0"
"TGCGTGGGTGCGATAG","11"
"TGCGTGGTCTGCGACG","0"
"TGCTACCAGGAGTTGC","9"
"TGCTACCAGTTCCACA","6"
"TGCTACCCATAGTAAG","5"
"TGCTACCCATGGGACA","4"
"TGCTGCTGTCTAGTCA","1"
"TGCTGCTGTGACGCCT","9"
"TGCTGCTGTTCCGTCT","3"
"TGGACGCAGCGTCTAT","7"
"TGGACGCCAATCCGAT","9"
"TGGACGCCAGGCTCAC","7"
"TGGACGCGTCACAAGG","0"
"TGGCCAGGTTAGTGGG","3"
"TGGCGCAAGCTTATCG","4"
"TGGCGCACATGTCCTC","0"
"TGGCGCAGTAGATTAG","11"
"TGGCGCAGTTGCCTCT","12"
"TGGCGCATCTTGTATC","10"
"TGGGAAGAGAAGGCCT","0"
"TGGGAAGAGATACACA","6"
"TGGGAAGCAGGACGTA","11"
"TGGGAAGGTACACCGC","2"
"TGGGAAGGTCACCCAG","3"
"TGGGAAGGTGGTGTAG","4"
"TGGGAAGTCGAGGTAG","7"
"TGGGCGTAGATACACA","2"
"TGGGCGTCACTACAGT","2"
"TGGGCGTCATTGTGCA","9"
"TGGGCGTGTGATGTGG","10"
"TGGGCGTGTTGTCGCG","1"
"TGGGCGTTCACTCTTA","4"
"TGGTTAGAGGTGACCA","5"
"TGGTTAGGTCCGAACC","0"
"TGGTTAGGTCGAACAG","4"
"TGGTTAGGTGCACCAC","2"
"TGGTTCCAGACCTAGG","11"
"TGGTTCCCACACATGT","6"
"TGGTTCCCATTCCTCG","10"
"TGGTTCCGTCAAAGCG","3"
"TGGTTCCTCACCGGGT","1"
"TGTATTCCATTCTTAC","1"
"TGTATTCGTAAAGTCA","1"
"TGTATTCTCCCAACGG","5"
"TGTATTCTCCGTTGCT","3"
"TGTCCCACACATGGGA","1"
"TGTCCCAGTGGCTCCA","11"
"TGTCCCAGTGTGCGTC","3"
"TGTGGTACATGTTGAC","12"
"TGTGGTATCAATAAGG","3"
"TGTGGTATCCCAGGTG","2"
"TGTGTTTAGACTGTAA","3"
"TGTGTTTAGTTAACGA","8"
"TGTGTTTGTTAGGGTG","1"
"TGTGTTTTCGCCTGAG","5"
"TGTTCCGCAAGCGTAG","9"
"TGTTCCGTCGAATGCT","2"
"TGTTCCGTCTGAAAGA","4"
"TTAACTCGTACGCACC","4"
"TTAACTCTCATAACCG","2"
"TTAGGACCACCAGGCT","3"
"TTAGGACTCACCGTAA","7"
"TTAGGCAAGTAACCCT","1"
"TTAGGCAAGTCATGCT","10"
"TTAGGCACACCATGTA","4"
"TTAGGCACAGGTCCAC","2"
"TTAGGCATCCCAAGAT","1"
"TTAGGCATCTCTTATG","10"
"TTAGTTCAGAGTACCG","5"
"TTAGTTCCACCGATAT","3"
"TTAGTTCGTAAATACG","8"
"TTAGTTCGTAGCTGCC","7"
"TTAGTTCTCCCGGATG","9"
"TTATGCTAGGTCATCT","3"
"TTATGCTAGTGCCATT","3"
"TTATGCTGTTGGTGGA","2"
"TTCGAAGAGTGATCGG","3"
"TTCGAAGGTACTTCTT","5"
"TTCGGTCCAACTGCGC","3"
"TTCGGTCGTCGCGAAA","3"
"TTCGGTCGTGCGCTTG","0"
"TTCGGTCGTTCGCGAC","1"
"TTCGGTCTCAACACAC","4"
"TTCGGTCTCCGCAAGC","4"
"TTCGGTCTCCGCGTTT","0"
"TTCGGTCTCTGTCTCG","12"
"TTCTACAAGAAGATTC","6"
"TTCTCAAAGGAGTAGA","7"
"TTCTCAACAGCGATCC","8"
"TTCTCAAGTTCGCGAC","9"
"TTCTCAATCGGAAATA","3"
"TTCTCCTCACGGCCAT","7"
"TTCTCCTCATGCAACT","0"
"TTCTCCTCATGGGACA","6"
"TTCTTAGAGGTGATAT","12"
"TTCTTAGGTCCTCCAT","3"
"TTCTTAGGTGTCCTCT","3"
"TTCTTAGTCTTCAACT","6"
"TTGAACGAGACCGGAT","0"
"TTGAACGAGTCTCGGC","8"
"TTGAACGCACGAAATA","1"
"TTGACTTAGACAGACC","0"
"TTGACTTAGGAGCGAG","2"
"TTGACTTCACGACTCG","2"
"TTGACTTCATGGTCAT","5"
"TTGACTTTCCTCCTAG","4"
"TTGACTTTCTAAGCCA","12"
"TTGACTTTCTATCCTA","4"
"TTGCCGTCAGGGTATG","1"
"TTGCCGTTCACCGTAA","5"
"TTGCCGTTCCAAAGTC","2"
"TTGCCGTTCCCTAACC","1"
"TTGCGTCAGATCGATA","9"
"TTGCGTCAGGTCATCT","1"
"TTGCGTCCATGTCGAT","1"
"TTGCGTCTCGCTAGCG","8"
"TTGCGTCTCTTCAACT","2"
"TTGGAACCAATCACAC","1"
"TTGGAACGTAGCTAAA","3"
"TTGGAACTCCCGGATG","7"
"TTGGAACTCTGAGTGT","8"
"TTGGCAAGTATCACCA","6"
"TTGGCAAGTGATAAGT","0"
"TTGGCAAGTGTTGAGG","5"
"TTGTAGGGTGACCAAG","0"
"TTTACTGAGAAGCCCA","2"
"TTTACTGAGTGTTTGC","6"
"TTTACTGCACGAGGTA","3"
"TTTACTGCAGATCCAT","2"
"TTTACTGGTAAATGTG","7"
"TTTACTGTCACCTCGT","7"
"TTTACTGTCCTAAGTG","0"
"TTTACTGTCTGCGTAA","9"
"TTTATGCAGAGCTTCT","1"
"TTTATGCCAGCCAGAA","3"
"TTTATGCTCCAGATCA","0"
"TTTGCGCAGACTCGGA","7"
"TTTGCGCCAATCACAC","4"
"TTTGGTTAGGCGATAC","7"
"TTTGGTTGTTCACGGC","0"
"TTTGTCAAGACAGACC","2"
"TTTGTCACACCTATCC","8"
"TTTGTCATCAACACTG","5"
