,barcode,louvain
0,AAACCTGCAGACACTT,1
1,AAAGATGCACATTTCT,2
2,AAAGATGTCCTTTACA,6
3,AAAGCAACATCAGTAC,5
4,AAATGCCCACTTCGAA,2
5,AAATGCCTCATATCGG,6
6,AACACGTGTCAGAAGC,2
7,AACACGTGTCGAACAG,0
8,AACACGTTCCGCATAA,5
9,AACCATGAGCAATCTC,1
10,AACCATGAGCGTAGTG,2
11,AACCATGCATGGTCAT,4
12,AACCATGTCCGCATCT,2
13,AACCGCGCATGTCGAT,2
14,AACCGCGGTCATATGC,0
15,AACCGCGGTTATGCGT,0
16,AACCGCGTCGAACGGA,0
17,AACGTTGGTAAGTTCC,2
18,AACTCAGTCATCACCC,4
19,AACTCAGTCGCGGATC,0
20,AACTCCCCAGTCGATT,5
21,AACTCCCGTAAATACG,4
22,AACTCCCGTCGCATCG,6
23,AACTCTTAGATGGCGT,2
24,AACTCTTCAAGCGCTC,3
25,AACTCTTGTACAGACG,1
26,AACTCTTTCCCAACGG,0
27,AACTCTTTCGGTGTCG,0
28,AACTGGTCAACTGGCC,2
29,AACTGGTGTCACTTCC,2
30,AACTTTCAGATACACA,5
31,AACTTTCAGTGAAGAG,4
32,AACTTTCGTACGAAAT,7
33,AACTTTCTCATGTCCC,4
34,AACTTTCTCTTGCCGT,5
35,AAGACCTAGACGCACA,4
36,AAGACCTAGTGTCTCA,0
37,AAGACCTCAACACGCC,5
38,AAGACCTTCTCGTTTA,3
39,AAGCCGCAGAAGGTTT,5
40,AAGCCGCAGCTGGAAC,3
41,AAGCCGCTCCGCAGTG,0
42,AAGGAGCAGCCACGCT,2
43,AAGGAGCAGCCGTCGT,2
44,AAGGAGCCACATTAGC,0
45,AAGGAGCTCCACTGGG,1
46,AAGGAGCTCCGCAAGC,0
47,AAGGAGCTCGTCCGTT,0
48,AAGGCAGTCCGAATGT,4
49,AAGGTTCTCGCTTGTC,6
50,AAGTCTGCATTCCTCG,6
51,AATCCAGCACGTCAGC,0
52,AATCCAGTCGAGCCCA,2
53,AATCGGTGTTGATTGC,0
54,ACACCAACAAGTACCT,3
55,ACACCAAGTCACTTCC,2
56,ACACCCTCAATAGAGT,6
57,ACACCGGTCCTTGGTC,5
58,ACACTGAGTCCATCCT,2
59,ACAGCCGAGAAGGTGA,5
60,ACAGCCGGTGTTTGTG,7
61,ACAGCTATCTGGTATG,0
62,ACATACGCACAAGCCC,4
63,ACATACGCATCACCCT,1
64,ACATCAGTCTGCGTAA,6
65,ACATGGTCAAGCCCAC,1
66,ACATGGTCAGTATCTG,0
67,ACATGGTTCTACCAGA,3
68,ACCCACTAGGCAAAGA,5
69,ACCCACTCAATGTAAG,5
70,ACCGTAAAGTGGTCCC,3
71,ACCGTAACAACTGGCC,6
72,ACCGTAACATCGTCGG,4
73,ACCGTAATCAAACCGT,0
74,ACCGTAATCGCAAACT,5
75,ACCTTTAAGATATACG,1
76,ACCTTTAAGTCTCAAC,2
77,ACCTTTACATACAGCT,6
78,ACCTTTAGTCTCACCT,1
79,ACCTTTATCTACCAGA,1
80,ACGAGCCCAGATGGGT,5
81,ACGAGGAAGGCACATG,1
82,ACGAGGACACACCGCA,5
83,ACGAGGAGTAAGAGAG,7
84,ACGATACGTCCGAAGA,5
85,ACGATGTAGATGCGAC,2
86,ACGCAGCAGGAATTAC,5
87,ACGCAGCCAGAAGCAC,0
88,ACGCAGCCAGGTTTCA,3
89,ACGCAGCTCACTTCAT,1
90,ACGCAGCTCTGAAAGA,1
91,ACGCCAGTCCGGGTGT,1
92,ACGCCGAGTTAAGACA,1
93,ACGCCGAGTTACGACT,2
94,ACGGAGAGTGTCGCTG,0
95,ACGGAGATCACCGGGT,4
96,ACGGCCACAGCCTTGG,3
97,ACGGGCTCACAGATTC,2
98,ACGGGCTCAGGGCATA,7
99,ACGGGTCAGTATTGGA,4
100,ACGGGTCCAAAGGAAG,0
101,ACGGGTCTCACCATAG,3
102,ACGTCAAGTATGCTTG,1
103,ACGTCAAGTTGTGGAG,7
104,ACTATCTCACGACGAA,0
105,ACTATCTGTCGTGGCT,4
106,ACTATCTGTTTGGGCC,1
107,ACTGAACGTAAATACG,3
108,ACTGAGTCAGTGACAG,0
109,ACTGAGTTCGCCTGTT,1
110,ACTGAGTTCTCGTTTA,4
111,ACTGATGAGCACCGTC,4
112,ACTGATGAGTTAGGTA,0
113,ACTGATGGTAAGGATT,2
114,ACTGATGGTAGATTAG,3
115,ACTGATGTCAATAAGG,2
116,ACTGCTCCAGGACCCT,0
117,ACTGCTCTCAGCTCGG,1
118,ACTGCTCTCTACCTGC,5
119,ACTGTCCTCCATGAGT,0
120,ACTGTCCTCCCTAATT,0
121,ACTTGTTAGAGCTTCT,2
122,ACTTGTTCATGCATGT,3
123,ACTTGTTTCACAGTAC,0
124,ACTTTCAAGCCGGTAA,4
125,ACTTTCACAATGAAAC,0
126,ACTTTCATCACAAACC,0
127,AGAATAGAGTTTCCTT,1
128,AGAATAGCACAGAGGT,0
129,AGAGCGAAGTTACCCA,3
130,AGAGCGATCAGAGGTG,4
131,AGAGCTTAGGACATTA,2
132,AGAGCTTAGTAGGTGC,7
133,AGAGCTTAGTGGTCCC,2
134,AGAGTGGAGGAACTGC,1
135,AGAGTGGCAATCTGCA,4
136,AGAGTGGGTCTGATTG,0
137,AGATCTGCAAGCGATG,3
138,AGATCTGTCAACACAC,6
139,AGATCTGTCCGCATCT,5
140,AGATTGCAGACCGGAT,4
141,AGATTGCCATCGATTG,6
142,AGATTGCTCGGAATCT,0
143,AGCAGCCGTTCTGGTA,1
144,AGCAGCCTCCTCGCAT,0
145,AGCATACAGCAGACTG,2
146,AGCATACCAAGAGTCG,5
147,AGCATACGTCAATGTC,3
148,AGCATACGTCTCTCTG,2
149,AGCCTAACAGGTCTCG,4
150,AGCCTAACATACTCTT,5
151,AGCCTAATCCGCGTTT,0
152,AGCGGTCAGGCGTACA,5
153,AGCGGTCGTGATGATA,1
154,AGCGGTCTCCGCATAA,0
155,AGCGTATCATACAGCT,4
156,AGCGTATGTCTCGTTC,4
157,AGCGTCGTCGTCCAGG,3
158,AGCTCCTTCCCAAGTA,0
159,AGCTCTCGTCCGAAGA,7
160,AGCTCTCGTTCGCTAA,4
161,AGCTTGATCCCAGGTG,5
162,AGGGAGTAGGCTCATT,3
163,AGGGAGTCAACTTGAC,1
164,AGGGAGTTCCCAACGG,1
165,AGGGATGCAAGCGTAG,2
166,AGGGTGAAGTAGGCCA,1
167,AGGGTGACACACGCTG,1
168,AGGGTGATCAGTTGAC,0
169,AGGGTGATCGGCATCG,1
170,AGGGTGATCTCAAACG,1
171,AGGGTGATCTCTGCTG,5
172,AGTAGTCGTACCTACA,2
173,AGTCTTTAGAGCTATA,0
174,AGTCTTTAGGAGCGAG,7
175,AGTCTTTCAGCCTTTC,4
176,AGTCTTTGTGCCTGCA,5
177,AGTCTTTTCCGAATGT,7
178,AGTGAGGAGACCGGAT,6
179,AGTGAGGAGCTAGTGG,2
180,AGTGGGACACACGCTG,1
181,AGTGGGAGTAAGGATT,2
182,AGTGTCACACGTCTCT,7
183,AGTGTCAGTATCTGCA,0
184,AGTGTCAGTGGCAAAC,1
185,AGTTGGTCACCACCAG,3
186,AGTTGGTTCGGTTAAC,0
187,ATAACGCTCCCAACGG,2
188,ATAAGAGCATCGATGT,0
189,ATAAGAGGTACCCAAT,5
190,ATAAGAGGTTGCGCAC,2
191,ATCACGATCCTGCTTG,0
192,ATCACGATCTGGTTCC,1
193,ATCATCTTCCGTAGGC,0
194,ATCATGGTCTGACCTC,4
195,ATCCACCTCGCATGGC,0
196,ATCCGAACACAGAGGT,1
197,ATCGAGTAGGCTCTTA,2
198,ATCGAGTGTCCAGTAT,3
199,ATCTACTAGCGTGAAC,0
200,ATCTACTAGGGTGTGT,0
201,ATCTACTAGTCTCGGC,0
202,ATCTACTCAGACTCGC,3
203,ATCTACTCATGTTCCC,4
204,ATCTACTTCATTGCGA,0
205,ATCTGCCTCCACGCAG,7
206,ATGAGGGAGTGGGATC,6
207,ATGCGATAGTCTCAAC,5
208,ATGGGAGAGACTACAA,5
209,ATGTGTGAGATCCGAG,5
210,ATGTGTGCAGCCACCA,3
211,ATTACTCGTCCCGACA,1
212,ATTACTCGTTCGTCTC,4
213,ATTACTCTCAATAAGG,6
214,ATTACTCTCGTCTGAA,3
215,ATTATCCCACTTGGAT,0
216,ATTATCCGTAGGCATG,0
217,ATTCTACGTATGCTTG,6
218,ATTGGACAGGCTCAGA,0
219,ATTGGACGTCAACTGT,2
220,ATTGGTGAGAGCTGGT,2
221,ATTGGTGAGCTCAACT,2
222,ATTTCTGCAAATACAG,1
223,ATTTCTGCACAGGCCT,7
224,CAACCAAGTAAACCTC,2
225,CAACCTCCACGGTAAG,7
226,CAACCTCGTCATATGC,7
227,CAACCTCGTCCCTACT,1
228,CAACCTCGTGGTCTCG,3
229,CAACTAGAGAAAGTGG,1
230,CAACTAGCACTAGTAC,1
231,CAACTAGTCCTCCTAG,1
232,CAAGGCCGTAGGCATG,1
233,CAAGGCCTCCCACTTG,7
234,CACAAACGTGGCAAAC,1
235,CACAAACTCCTAGTGA,6
236,CACACAAGTCAACTGT,3
237,CACACAATCAAACCAC,4
238,CACACTCCAGTATCTG,3
239,CACACTCGTAGCGTAG,1
240,CACACTCTCAACCAAC,1
241,CACAGGCGTACTCGCG,5
242,CACAGGCGTTCCAACA,2
243,CACAGGCGTTTGGGCC,2
244,CACAGGCTCTTGACGA,2
245,CACAGTAAGTTAACGA,3
246,CACAGTACAGTCACTA,1
247,CACATAGAGAGATGAG,1
248,CACATAGAGTGCTGCC,2
249,CACATAGCAACAACCT,2
250,CACATAGCACGCCAGT,0
251,CACATTTGTCTAGTCA,3
252,CACCAGGAGGAGCGAG,2
253,CACCAGGAGTACTTGC,0
254,CACCAGGTCTGCTGCT,1
255,CACCTTGAGTAACCCT,0
256,CACCTTGGTATCGCAT,2
257,CACCTTGGTTATCGGT,3
258,CACCTTGGTTCCAACA,4
259,CACCTTGTCGGTCCGA,1
260,CACCTTGTCTGGTTCC,4
261,CACTCCAAGCCGGTAA,6
262,CACTCCACAATAGCAA,2
263,CACTCCACAGAGCCAA,2
264,CAGAATCAGTTAGCGG,6
265,CAGAGAGGTACCGTAT,4
266,CAGATCAAGATCTGAA,1
267,CAGATCAAGGCTAGCA,1
268,CAGATCACAAGTTGTC,1
269,CAGATCACACCATCCT,6
270,CAGATCATCGCGATCG,1
271,CAGCAGCAGAGTGACC,0
272,CAGCAGCAGTGTGGCA,1
273,CAGCAGCTCACCTCGT,4
274,CAGCATAAGGATGTAT,0
275,CAGCATACAGCATGAG,2
276,CAGCCGACAGAGTGTG,2
277,CAGCCGAGTCTAGCGC,7
278,CAGCGACAGAACAATC,7
279,CAGCTGGTCCTAGTGA,4
280,CAGGTGCCAGTCGTGC,4
281,CAGGTGCCATTGGCGC,5
282,CAGGTGCGTTAAGAAC,0
283,CAGTAACCATGCAACT,2
284,CAGTAACTCCAAGTAC,6
285,CAGTCCTAGTTACGGG,2
286,CAGTCCTGTGTATGGG,1
287,CATATGGTCAGGTTCA,1
288,CATATTCAGCGATTCT,1
289,CATCAGACAGCCTTGG,6
290,CATCCACAGTCGTTTG,1
291,CATCCACCACTAAGTC,1
292,CATCGAACAGGTCTCG,0
293,CATCGGGAGAGGTTAT,2
294,CATCGGGGTACAGTGG,3
295,CATCGGGGTCCGAATT,5
296,CATCGGGTCAGATAAG,3
297,CATGACACAAGAAGAG,4
298,CATGACACAGGTCTCG,0
299,CATGACAGTATATGAG,0
300,CATGCCTCATTGGGCC,0
301,CATGCCTTCGAATGCT,0
302,CATGGCGAGCCCGAAA,1
303,CATGGCGGTACCGTAT,5
304,CATTATCTCTTACCGC,1
305,CATTCGCGTTGGTGGA,2
306,CCAATCCCACTAGTAC,1
307,CCAATCCGTACAGACG,2
308,CCAATCCGTCTAGGTT,5
309,CCACCTAGTCGCGAAA,2
310,CCACCTATCGATAGAA,1
311,CCACGGAAGGTGCTAG,2
312,CCACGGACACATCCGG,3
313,CCACGGACATTCACTT,2
314,CCACGGATCCAAACTG,1
315,CCACTACAGTGAACAT,0
316,CCACTACCAGACAAGC,4
317,CCACTACCAGACACTT,4
318,CCACTACCATCGATGT,4
319,CCAGCGACAGCGATCC,2
320,CCAGCGAGTAAATGAC,1
321,CCATTCGGTACAGCAG,2
322,CCATTCGGTCGCATAT,7
323,CCCAATCCACAACGCC,7
324,CCCAATCCACGCATCG,1
325,CCCAATCTCCGGGTGT,1
326,CCCAGTTTCATCTGCC,6
327,CCCAGTTTCCGTAGTA,1
328,CCCATACCAGATCCAT,2
329,CCCTCCTGTGTGACCC,5
330,CCGGGATCACAGACAG,1
331,CCGGGATGTGCTGTAT,0
332,CCGGTAGAGCACAGGT,1
333,CCGGTAGAGTGGTAAT,1
334,CCGTACTGTACTTCTT,1
335,CCGTACTGTTTCGCTC,1
336,CCGTACTTCGGTGTCG,0
337,CCGTTCAGTACGACCC,0
338,CCGTTCAGTCAGTGGA,1
339,CCTACACTCAACTCTT,0
340,CCTACCAAGACTACAA,4
341,CCTACCAAGAGACGAA,7
342,CCTACCACACACGCTG,5
343,CCTACCACAGTGGAGT,1
344,CCTACCACATGTTGAC,2
345,CCTACCATCATAACCG,0
346,CCTAGCTAGTTCGCGC,0
347,CCTAGCTCAGACACTT,0
348,CCTAGCTCATCTGGTA,3
349,CCTAGCTGTCGTCTTC,7
350,CCTAGCTTCGCCTGAG,3
351,CCTATTACAAGTTGTC,0
352,CCTATTACAGCGTTCG,7
353,CCTATTACATCGGTTA,1
354,CCTATTAGTGGACGAT,1
355,CCTATTATCAGCCTAA,2
356,CCTCAGTCATACTCTT,4
357,CCTTACGAGATGCCTT,6
358,CCTTACGAGGACACCA,1
359,CCTTACGGTTTAGGAA,1
360,CCTTCGAAGAAACGCC,3
361,CCTTCGAAGCGCTTAT,2
362,CCTTCGAAGCTAACTC,4
363,CCTTCGAAGTTCGCGC,2
364,CCTTCGACAGTGAGTG,1
365,CCTTCGAGTCAATACC,1
366,CCTTCGAGTGAGTATA,2
367,CCTTCGAGTGTGAAAT,7
368,CCTTCGAGTTGAGTTC,6
369,CCTTCGATCGCATGGC,3
370,CCTTTCTAGTGTTAGA,3
371,CCTTTCTTCAATCACG,0
372,CCTTTCTTCTGTCTAT,6
373,CGAATGTAGCTCTCGG,3
374,CGAATGTAGTGGGCTA,6
375,CGACCTTAGGCAGGTT,3
376,CGACCTTAGTAAGTAC,0
377,CGACCTTAGTTATCGC,2
378,CGACCTTCAAACTGTC,0
379,CGACCTTTCAAGATCC,6
380,CGACTTCGTCCAAGTT,0
381,CGACTTCTCAATCTCT,3
382,CGAGCACAGCGATCCC,7
383,CGAGCACTCACCATAG,6
384,CGAGCCAAGAGGACGG,1
385,CGAGCCACAGTTCATG,5
386,CGAGCCAGTCAGATAA,3
387,CGATCGGCAGTCCTTC,0
388,CGATGGCAGTGTGGCA,4
389,CGATGGCCATGTCCTC,7
390,CGATGGCTCTCACATT,2
391,CGATGGCTCTTAGCCC,0
392,CGATGTACAATTCCTT,5
393,CGATTGATCTAACTCT,4
394,CGCCAAGAGGCTCATT,3
395,CGCCAAGCATACGCTA,3
396,CGCCAAGGTCGACTGC,6
397,CGCGGTACACAGAGGT,2
398,CGCGGTATCAATACCG,2
399,CGCGGTATCGTGTAGT,3
400,CGCGGTATCTGATACG,3
401,CGCGTTTAGATCGGGT,2
402,CGCGTTTAGGTGGGTT,0
403,CGCGTTTGTCAATACC,1
404,CGCTTCAAGATAGCAT,3
405,CGGACACAGAGAGCTC,1
406,CGGACACGTGCAACTT,0
407,CGGACACTCCACGACG,3
408,CGGACGTAGGTGTGGT,3
409,CGGACGTGTATAAACG,4
410,CGGAGTCCATTGAGCT,4
411,CGGCTAGGTAAGGATT,5
412,CGGGTCACATGTTGAC,0
413,CGGGTCAGTACAGCAG,0
414,CGGTTAAAGAGTAATC,1
415,CGGTTAAAGCACCGCT,4
416,CGGTTAAGTGACAAAT,5
417,CGTAGCGCAGTAGAGC,3
418,CGTAGCGCATTCGACA,0
419,CGTAGGCGTGACAAAT,4
420,CGTAGGCTCATGCATG,3
421,CGTAGGCTCCGCGTTT,0
422,CGTCACTAGGACATTA,1
423,CGTCACTCAATGGTCT,3
424,CGTCACTCAGCGTCCA,4
425,CGTCACTGTTCATGGT,1
426,CGTCCATAGGCCGAAT,3
427,CGTGAGCAGTGGGATC,7
428,CGTGTAAAGGACACCA,2
429,CGTGTCTCATGACGGA,4
430,CGTGTCTGTCCGCTGA,1
431,CGTTAGACAGGTGCCT,1
432,CGTTCTGGTCCAAGTT,4
433,CGTTCTGTCAGAGCTT,0
434,CGTTGGGAGCACGCCT,6
435,CTAACTTGTAGCGTGA,1
436,CTAACTTGTTCCAACA,4
437,CTAACTTTCGCGATCG,3
438,CTACCCAAGCGACGTA,6
439,CTACGTCAGCTAAACA,6
440,CTAGAGTTCTCGATGA,1
441,CTAGCCTCATGTTCCC,3
442,CTCACACAGAAACGAG,2
443,CTCAGAATCATCATTC,3
444,CTCATTAAGAAGGCCT,0
445,CTCATTACAACTGCTA,5
446,CTCATTACACATAACC,3
447,CTCATTACATTCCTCG,4
448,CTCCTAGGTCTTGTCC,2
449,CTCGAGGAGAAGATTC,3
450,CTCGGAGCAACGATCT,3
451,CTCGGAGGTTTGTTTC,2
452,CTCGGAGTCGCGTAGC,1
453,CTCGGGATCATGCAAC,0
454,CTCGTACCATCTCCCA,2
455,CTCGTACTCTCGAGTA,3
456,CTCTAATGTCGGGTCT,2
457,CTCTAATGTGAGCGAT,3
458,CTCTAATTCTTGACGA,5
459,CTCTACGCACATTCGA,5
460,CTCTACGTCCGAGCCA,4
461,CTCTACGTCTGTACGA,4
462,CTCTACGTCTTTACGT,6
463,CTCTGGTAGGGTCGAT,6
464,CTCTGGTTCCCTTGCA,3
465,CTGAAACAGAGACTAT,4
466,CTGAAACTCATAAAGG,6
467,CTGATAGCAAGCTGTT,1
468,CTGATAGTCGTCCAGG,0
469,CTGATCCAGTTGAGTA,0
470,CTGATCCCAGAAGCAC,0
471,CTGATCCGTTACTGAC,1
472,CTGATCCGTTGACGTT,0
473,CTGATCCTCTGCGGCA,3
474,CTGCCTACAATCTACG,7
475,CTGCCTAGTGAGGGTT,1
476,CTGCCTATCTGAGTGT,6
477,CTGCGGACAGCGAACA,2
478,CTGCTGTAGCGATGAC,0
479,CTGTGCTTCGTTTAGG,4
480,CTGTGCTTCTTACCGC,0
481,CTGTTTAAGCTCTCGG,7
482,CTTAACTAGACCGGAT,4
483,CTTAACTAGCCATCGC,2
484,CTTAACTAGCTACCTA,7
485,CTTAACTTCCGAAGAG,3
486,CTTACCGCAAGCTGGA,2
487,CTTACCGCACCGAATT,1
488,CTTAGGAAGCAACGGT,1
489,CTTAGGACAGCTGCAC,2
490,CTTAGGAGTACGCTGC,1
491,CTTAGGATCGCCAGCA,0
492,CTTGGCTAGATAGGAG,0
493,CTTGGCTAGTCCGTAT,0
494,CTTGGCTCAGACGTAG,5
495,CTTTGCGAGCAAATCA,1
496,CTTTGCGTCCATTCTA,2
497,CTTTGCGTCGGCTTGG,7
498,GAAACTCAGCAAATCA,1
499,GAACATCCAAAGTGCG,1
500,GAACCTAGTCATATCG,5
501,GAACGGAAGGACCACA,0
502,GAACGGAGTTGCTCCT,1
503,GAAGCAGCACCAGCAC,6
504,GAAGCAGCATAGTAAG,3
505,GAATAAGCAGTTCATG,2
506,GAATAAGGTATTCTCT,4
507,GAATAAGTCGAATCCA,6
508,GAATGAAAGAGGTAGA,3
509,GACACGCCACGACTCG,0
510,GACAGAGCAGAGCCAA,0
511,GACAGAGCATATACGC,5
512,GACAGAGGTCGCGAAA,2
513,GACAGAGGTTCACGGC,0
514,GACAGAGTCTTGCAAG,0
515,GACCTGGCACATGACT,1
516,GACCTGGCACTTCTGC,6
517,GACCTGGCAGCTGCTG,5
518,GACCTGGTCATGTCCC,0
519,GACCTGGTCGTGACAT,2
520,GACGCGTCATATACCG,0
521,GACGCGTGTCTGCCAG,0
522,GACGGCTGTCTACCTC,1
523,GACGGCTGTCTAGGTT,1
524,GACGTGCTCGTTGCCT,1
525,GACGTTAAGGCATTGG,3
526,GACGTTAGTCCAGTGC,6
527,GACGTTATCCACGTTC,3
528,GACTAACGTTAGATGA,1
529,GACTAACTCGAGAGCA,5
530,GACTGCGAGGAATGGA,1
531,GACTGCGCAACTGCTA,3
532,GACTGCGCACGAAACG,4
533,GAGCAGAAGAACTCGG,2
534,GAGCAGAAGTATGACA,3
535,GAGCAGATCTTCCTTC,2
536,GAGGTGAAGCGATGAC,5
537,GAGGTGAAGTGCGATG,1
538,GAGTCCGGTTCCTCCA,6
539,GATCAGTAGCCCAATT,5
540,GATCAGTCAAGTCATC,0
541,GATCGATAGGATTCGG,2
542,GATCGATCACTAAGTC,0
543,GATCGATGTTCCATGA,6
544,GATCGATTCGGAGGTA,0
545,GATCGCGGTGATGTGG,0
546,GATCGCGTCCCACTTG,0
547,GATCGTACACGCATCG,0
548,GATCGTAGTCTCCATC,2
549,GATCTAGAGGCACATG,5
550,GATCTAGTCTCCAGGG,2
551,GATGAAAAGTGCCATT,1
552,GATGAAAGTCTGCAAT,2
553,GATGAAATCCAAGTAC,3
554,GATGAGGCACTTACGA,4
555,GATGAGGTCCGTAGGC,2
556,GATGCTAGTAGAAAGG,0
557,GATGCTAGTAGCACGA,0
558,GATGCTATCGCGATCG,1
559,GATTCAGCATCAGTAC,1
560,GATTCAGGTAACGTTC,0
561,GATTCAGTCTTGACGA,0
562,GCAAACTAGACGACGT,5
563,GCAAACTCATGAGCGA,1
564,GCAATCACACTTCTGC,7
565,GCAATCAGTCCGAAGA,0
566,GCACTCTGTTGAACTC,3
567,GCACTCTTCAGTACGT,7
568,GCAGTTAGTACAGCAG,1
569,GCAGTTATCGGACAAG,0
570,GCATACATCCCTTGCA,0
571,GCATGATAGAGTTGGC,4
572,GCATGATGTCTTGATG,1
573,GCATGCGTCGCCTGTT,2
574,GCATGTATCCTTTACA,2
575,GCCAAATGTGGCTCCA,7
576,GCCTCTAGTTTGGGCC,0
577,GCCTCTATCTGCCAGG,1
578,GCGACCAAGCGTCTAT,3
579,GCGACCAGTGATGCCC,4
580,GCGACCATCGCGTTTC,4
581,GCGAGAAAGCAAATCA,2
582,GCGAGAAAGGCGCTCT,5
583,GCGAGAACAAGAAGAG,4
584,GCGAGAATCGCCTGAG,5
585,GCGCAGTAGACTGGGT,1
586,GCGCGATCAGCAGTTT,5
587,GCGCGATGTAAGCACG,6
588,GCGCGATTCTAACTCT,4
589,GCGGGTTGTCCAAGTT,3
590,GCGGGTTGTCGCGGTT,1
591,GCTCCTAAGATGCCAG,7
592,GCTCCTACAGCCAGAA,2
593,GCTCCTAGTGTAAGTA,3
594,GCTCCTATCGTGTAGT,0
595,GCTCTGTAGAGAACAG,1
596,GCTCTGTGTGAGCGAT,2
597,GCTGCGAAGACATAAC,0
598,GCTGCGAAGTTAACGA,4
599,GCTGCGACAGATGAGC,0
600,GCTGCTTCAACAACCT,7
601,GCTGCTTCACGAAAGC,0
602,GCTGCTTGTCGAATCT,3
603,GCTGCTTTCGAGAGCA,1
604,GCTGCTTTCTCATTCA,2
605,GCTGGGTCAGACGCCT,0
606,GCTGGGTCAGCGTTCG,0
607,GCTGGGTGTTAGATGA,3
608,GCTTCCACACACAGAG,0
609,GCTTCCAGTGGCGAAT,3
610,GCTTCCAGTTCACGGC,3
611,GCTTGAAAGCTAGGCA,1
612,GCTTGAAGTTTAGGAA,0
613,GGAAAGCAGGCTAGGT,2
614,GGAACTTGTGTGAATA,2
615,GGAATAACACACAGAG,4
616,GGAATAATCCATGAGT,0
617,GGACAAGAGTCCAGGA,4
618,GGACAGAGTGATGCCC,2
619,GGACAGATCGTACGGC,6
620,GGACATTAGCTGAACG,6
621,GGACATTAGGAGTTTA,3
622,GGACATTCAGGGAGAG,3
623,GGACATTCAGGGTATG,0
624,GGACATTGTGATAAAC,0
625,GGACATTTCGAGGTAG,4
626,GGACGTCAGAACTCGG,2
627,GGACGTCCATTTGCTT,4
628,GGATTACCAGGATCGA,4
629,GGCAATTCAATAGCGG,2
630,GGCGACTAGGCAAAGA,0
631,GGCGACTCACCACCAG,2
632,GGCGACTCATATGAGA,0
633,GGCGACTGTTCCTCCA,4
634,GGCGACTTCTTGAGGT,1
635,GGCGTGTCATATACGC,1
636,GGCGTGTTCGCATGAT,5
637,GGCTGGTAGCTAGCCC,1
638,GGCTGGTCAGCCACCA,3
639,GGGAATGTCTCCCTGA,5
640,GGGAATGTCTGAAAGA,6
641,GGGAGATCAAGAGGCT,0
642,GGGAGATGTTGTGGAG,2
643,GGGATGAAGATGTGTA,7
644,GGGATGAGTCCGCTGA,0
645,GGGATGAGTGCAACGA,7
646,GGGATGAGTGTGGTTT,2
647,GGGCACTAGGTTACCT,3
648,GGGCACTGTACAGTTC,0
649,GGGCACTGTGAGTATA,6
650,GGGCACTTCACGCGGT,0
651,GGGCATCCAGCTATTG,1
652,GGGCATCGTTCCACTC,2
653,GGGTCTGCATTGGTAC,5
654,GGGTTGCTCTCACATT,4
655,GGTATTGAGCACCGCT,1
656,GGTATTGCACATTAGC,6
657,GGTATTGCACGAAACG,4
658,GGTATTGTCCGCGGTA,0
659,GGTGAAGAGCCAGTTT,3
660,GGTGAAGCACGGCGTT,6
661,GTAACGTCACATTCGA,3
662,GTAACGTGTCAAACTC,0
663,GTAACGTGTGGCAAAC,2
664,GTAACGTTCTGATACG,2
665,GTAACTGAGTGGCACA,1
666,GTAACTGTCAGCTTAG,5
667,GTACTCCGTCCAACTA,1
668,GTACTTTCACATTTCT,0
669,GTACTTTCAGCTGTTA,4
670,GTACTTTTCAATCACG,3
671,GTAGTCAGTTATCCGA,6
672,GTAGTCATCTCGAGTA,0
673,GTATCTTCATGGTCAT,3
674,GTATCTTGTCCGACGT,5
675,GTATTCTCAGATCGGA,1
676,GTCACAACATAGAAAC,6
677,GTCACGGAGAAGGCCT,1
678,GTCACGGCAATGAATG,7
679,GTCACGGGTGCACGAA,2
680,GTCATTTAGAAGATTC,2
681,GTCATTTAGAGTACAT,1
682,GTCCTCAGTAGGCTGA,5
683,GTCCTCAGTATAATGG,3
684,GTCGGGTTCATGCTCC,0
685,GTCGGGTTCTCAACTT,7
686,GTCGGGTTCTCTAAGG,0
687,GTCGTAAAGCGATCCC,5
688,GTCGTAAGTACTCGCG,3
689,GTCGTAATCAGGCCCA,3
690,GTCGTAATCTCGATGA,1
691,GTCTTCGTCAATAAGG,3
692,GTCTTCGTCTCCAGGG,7
693,GTGAAGGAGTACATGA,5
694,GTGAAGGGTCGCTTCT,2
695,GTGCAGCCAGTTCATG,2
696,GTGCAGCGTCAAAGAT,1
697,GTGCAGCGTCCTAGCG,5
698,GTGCATACAATGGATA,7
699,GTGCATAGTAAACACA,0
700,GTGCGGTCAGTGACAG,4
701,GTGCGGTTCCTAGTGA,5
702,GTGCTTCAGTTAACGA,6
703,GTGGGTCAGTGGTAGC,4
704,GTGGGTCCAAGCGCTC,1
705,GTGGGTCCATGGTCTA,6
706,GTGGGTCGTCTGATTG,2
707,GTGGGTCTCAGCTTAG,2
708,GTGTGCGTCGCGGATC,3
709,GTGTTAGCAATGGAAT,4
710,GTGTTAGGTATCTGCA,5
711,GTGTTAGTCATGTCTT,4
712,GTGTTAGTCTTCGAGA,1
713,GTTAAGCAGTACGATA,1
714,GTTAAGCCATCCCATC,1
715,GTTAAGCTCGGATGGA,3
716,GTTACAGAGTTCGCAT,0
717,GTTACAGTCCTTGACC,3
718,GTTCATTAGATGAGAG,1
719,GTTCGGGAGATCCGAG,3
720,GTTCGGGAGCAGATCG,5
721,GTTCGGGTCCTATGTT,2
722,GTTCTCGAGCTAAGAT,3
723,GTTCTCGGTGATGATA,3
724,GTTTCTAAGAGCTTCT,7
725,GTTTCTAAGCCACCTG,1
726,GTTTCTAAGTACGTTC,4
727,GTTTCTAGTCGAACAG,2
728,GTTTCTAGTGTGCCTG,5
729,TAAACCGAGTACATGA,1
730,TAAACCGCACGAAAGC,4
731,TAAACCGGTAAGGGCT,1
732,TAAACCGGTATAGGGC,0
733,TAAACCGTCCACGCAG,1
734,TAAGAGAGTGCGGTAA,0
735,TAAGAGATCTCCCTGA,4
736,TAAGCGTAGCAATCTC,1
737,TAAGCGTAGGATATAC,2
738,TAAGTGCAGGTAGCTG,4
739,TAAGTGCCAATAGCGG,3
740,TAAGTGCTCTCCGGTT,2
741,TACAGTGAGTGAACAT,2
742,TACAGTGCACAGGAGT,3
743,TACAGTGCAGCTGTGC,3
744,TACCTATAGAGCAATT,1
745,TACCTATAGCCAGTAG,7
746,TACCTATCACAGGCCT,0
747,TACCTATTCGTTGACA,3
748,TACCTTACACTTAAGC,3
749,TACGGGCCATATGGTC,7
750,TACGGTAAGGATTCGG,2
751,TACGGTACATACAGCT,0
752,TACGGTAGTACCAGTT,4
753,TACTCATAGTCCTCCT,0
754,TACTCATCAGTCACTA,4
755,TACTCATGTAGTAGTA,4
756,TACTCGCTCATCGATG,1
757,TACTTACAGCACAGGT,3
758,TACTTACCATTAACCG,1
759,TACTTACTCTGCCAGG,0
760,TACTTGTAGGTGACCA,0
761,TACTTGTCATATGGTC,0
762,TAGACCACAATCGAAA,3
763,TAGCCGGAGCTCAACT,4
764,TAGGCATCACCAGCAC,5
765,TAGGCATTCCATGAGT,1
766,TAGGCATTCTGTCCGT,2
767,TAGGCATTCTTGTCAT,1
768,TAGTGGTAGCGCTCCA,4
769,TAGTGGTAGTTGAGTA,0
770,TAGTGGTGTGCATCTA,2
771,TATCAGGAGGAGTTTA,5
772,TATCAGGCAGCTCGCA,4
773,TATCAGGGTTACCGAT,1
774,TATCTCACAACACCTA,7
775,TATCTCAGTCTACCTC,4
776,TATGCCCCAGGATTGG,5
777,TATGCCCGTAGCAAAT,0
778,TATGCCCGTTGGAGGT,1
779,TATTACCAGACCTAGG,4
780,TCAACGAGTCTTCGTC,0
781,TCAACGATCGAGCCCA,2
782,TCAACGATCTGGTATG,6
783,TCAACGATCTGTTGAG,4
784,TCAATCTGTGGCCCTA,2
785,TCACAAGGTCTTGTCC,2
786,TCACAAGTCCTTGACC,2
787,TCACGAAGTCGGATCC,3
788,TCACGAATCCCTTGTG,2
789,TCAGATGAGTCTTGCA,0
790,TCAGATGGTAAGTTCC,3
791,TCAGATGGTATCACCA,1
792,TCAGATGTCCTCAACC,3
793,TCAGCAAAGATGCGAC,1
794,TCAGCAAAGGAGTACC,3
795,TCAGCAATCGTTACAG,1
796,TCAGGATGTTTCGCTC,0
797,TCAGGTAAGCCGCCTA,6
798,TCAGGTAGTCAAGCGA,7
799,TCAGGTATCGTTGCCT,0
800,TCATTTGCAAACGTGG,6
801,TCATTTGCAAGCGTAG,2
802,TCCACACCACTATCTT,0
803,TCCCGATGTCTAGGTT,2
804,TCGAGGCAGACACTAA,0
805,TCGAGGCCAGCCTTGG,1
806,TCGAGGCCATGCCCGA,4
807,TCGAGGCTCGGAAACG,2
808,TCGCGAGGTGGCCCTA,3
809,TCGCGAGTCCCAGGTG,5
810,TCGCGTTCAGCTGTTA,1
811,TCGCGTTGTCTCAACA,3
812,TCGCGTTTCTCTAGGA,0
813,TCGGGACAGGATATAC,0
814,TCGGGACGTGGAAAGA,4
815,TCGGGACTCTGCCAGG,0
816,TCGGTAAAGATGTAAC,1
817,TCGGTAACACGACGAA,2
818,TCGGTAATCATTCACT,0
819,TCGTACCGTAAGGGAA,5
820,TCGTAGAAGATTACCC,5
821,TCGTAGAAGGACTGGT,3
822,TCGTAGACAAGCGAGT,0
823,TCGTAGAGTCATCGGC,7
824,TCGTAGATCCCATTAT,7
825,TCTATTGCACCAGTTA,4
826,TCTATTGCATGGAATA,1
827,TCTATTGGTCAATGTC,7
828,TCTCATAAGAGACTAT,4
829,TCTCTAATCAATAAGG,0
830,TCTCTAATCAGTTAGC,0
831,TCTGAGACATACGCCG,0
832,TCTGGAAAGTATGACA,7
833,TCTGGAAAGTGTTAGA,0
834,TCTGGAACATTTGCCC,5
835,TCTTCGGAGCTAAACA,1
836,TCTTCGGCATGAAGTA,2
837,TCTTCGGGTTGGTAAA,0
838,TCTTCGGTCCAGAGGA,2
839,TCTTTCCAGGTGGGTT,0
840,TGAAAGACACTGTTAG,1
841,TGAAAGAGTGCAACTT,2
842,TGACAACAGACTAAGT,1
843,TGACAACAGGTAAACT,7
844,TGACAACCACAGCGTC,1
845,TGACAACTCGAATGGG,3
846,TGACGGCTCGTATCAG,4
847,TGACTAGAGTTGTAGA,2
848,TGACTAGCATGCTGGC,0
849,TGACTAGTCACCACCT,2
850,TGACTTTAGAGCAATT,6
851,TGACTTTGTCATGCCG,3
852,TGAGAGGAGATCGATA,0
853,TGAGAGGCACAAGTAA,1
854,TGAGAGGGTAGCAAAT,0
855,TGAGAGGGTCCAAGTT,3
856,TGAGCATAGCCTTGAT,6
857,TGAGCATCACGGATAG,1
858,TGAGCATCAGTCAGAG,2
859,TGAGCATGTTGCTCCT,0
860,TGAGCATTCACATGCA,0
861,TGAGCATTCTTATCTG,6
862,TGAGCCGGTCAACTGT,7
863,TGAGCCGTCAGCTGGC,2
864,TGAGCCGTCGCAAACT,4
865,TGAGGGAGTTGTCGCG,5
866,TGCACCTAGATCACGG,1
867,TGCACCTCAATGGAAT,5
868,TGCCAAACAAAGGAAG,2
869,TGCCCTAAGTCTCGGC,3
870,TGCCCTATCTTAGAGC,0
871,TGCGCAGGTAGCTAAA,1
872,TGCGCAGGTGTAAGTA,1
873,TGCGTGGCATCGACGC,5
874,TGCTACCAGCGAGAAA,3
875,TGCTACCTCCGCAAGC,4
876,TGCTACCTCCTCAATT,0
877,TGCTGCTCAGCGAACA,3
878,TGCTGCTTCAGTTTGG,5
879,TGGACGCAGACAAAGG,4
880,TGGACGCTCAAACCAC,1
881,TGGCGCAAGCTAGTTC,2
882,TGGCGCAAGGCACATG,4
883,TGGCGCACAACTGCGC,5
884,TGGCGCAGTAACGTTC,3
885,TGGCGCAGTCAAACTC,3
886,TGGCGCAGTCAATGTC,1
887,TGGCTGGCAAGAAAGG,4
888,TGGCTGGCACACCGAC,0
889,TGGCTGGCACCGTTGG,1
890,TGGCTGGTCGTTTATC,7
891,TGGGCGTCATGAGCGA,1
892,TGGGCGTTCCGCATCT,7
893,TGGTTCCTCGAGGTAG,4
894,TGGTTCCTCGGCTTGG,1
895,TGTATTCAGATATGGT,0
896,TGTCCCAAGTTAGGTA,2
897,TGTCCCATCGACCAGC,3
898,TGTGGTAAGTACTTGC,3
899,TGTGGTAAGTCTCGGC,0
900,TGTGGTACACCTCGTT,7
901,TGTGGTACATTGGGCC,1
902,TGTGGTATCGTAGGAG,0
903,TGTGTTTAGCGAAGGG,3
904,TGTTCCGCAAGTAGTA,0
905,TGTTCCGCACAACGTT,3
906,TGTTCCGGTACAGACG,4
907,TGTTCCGTCAATACCG,0
908,TTAACTCAGCTGCAAG,4
909,TTAACTCCAGACAAGC,0
910,TTAACTCCAGCTGGCT,1
911,TTAACTCGTGCAACGA,3
912,TTAGGACGTGTTCGAT,4
913,TTAGGACTCCCAGGTG,1
914,TTAGGACTCTGCTGTC,3
915,TTAGGCATCCACTGGG,1
916,TTAGTTCCAACACGCC,0
917,TTAGTTCCAATGGACG,1
918,TTAGTTCTCTCCGGTT,7
919,TTCCCAGAGAGTAATC,5
920,TTCGAAGGTAAGGGCT,6
921,TTCGAAGGTGGCAAAC,1
922,TTCGAAGGTTCCGTCT,4
923,TTCGGTCAGTACGCCC,0
924,TTCTACACAGGATCGA,2
925,TTCTCAAGTTACGACT,3
926,TTCTCAATCACCCGAG,4
927,TTCTCAATCACGGTTA,2
928,TTCTCCTTCAACTCTT,5
929,TTCTCCTTCATCATTC,2
930,TTGAACGAGTGAAGAG,1
931,TTGAACGCACATCTTT,0
932,TTGAACGGTGCCTGTG,7
933,TTGAACGTCGCAAGCC,3
934,TTGAACGTCTTAACCT,3
935,TTGACTTCAGGGCATA,7
936,TTGACTTGTCAGAAGC,4
937,TTGCCGTAGTGTCCCG,5
938,TTGCCGTGTCACCCAG,2
939,TTGCGTCGTACCTACA,7
940,TTGGAACCATGAAGTA,3
941,TTGGAACGTCAGAAGC,1
942,TTGGCAATCATGTAGC,1
943,TTGTAGGTCCAAGCCG,0
944,TTTATGCTCTGTACGA,1
945,TTTCCTCAGCGGCTTC,4
946,TTTCCTCGTTCGAATC,4
947,TTTGCGCGTGACCAAG,0
948,TTTGGTTAGACTCGGA,5
949,TTTGGTTAGACTGGGT,3
950,TTTGGTTAGATGCCAG,3
951,TTTGGTTCAGTCAGCC,0
952,TTTGGTTTCCATTCTA,1
953,TTTGTCAAGATCCCAT,5
954,TTTGTCACATGCCACG,0
